fold,fold_count,midi_program_num,count,proportion
1,773,0,6,0.00776196636481242
1,773,1,6,0.00776196636481242
1,773,2,10,0.0129366106080207
1,773,3,10,0.0129366106080207
1,773,4,6,0.00776196636481242
1,773,5,6,0.00776196636481242
1,773,6,10,0.0129366106080207
1,773,7,14,0.01811125485122898
1,773,10,10,0.0129366106080207
1,773,11,11,0.014230271668822769
1,773,12,6,0.00776196636481242
1,773,13,6,0.00776196636481242
1,773,15,12,0.01552393272962484
1,773,16,10,0.0129366106080207
1,773,17,8,0.01034928848641656
1,773,18,14,0.01811125485122898
1,773,19,10,0.0129366106080207
1,773,20,6,0.00776196636481242
1,773,24,11,0.014230271668822769
1,773,25,7,0.00905562742561449
1,773,26,7,0.00905562742561449
1,773,27,12,0.01552393272962484
1,773,28,4,0.00517464424320828
1,773,29,5,0.00646830530401035
1,773,30,12,0.01552393272962484
1,773,32,7,0.00905562742561449
1,773,33,11,0.014230271668822769
1,773,34,8,0.01034928848641656
1,773,35,7,0.00905562742561449
1,773,36,10,0.0129366106080207
1,773,37,9,0.01164294954721863
1,773,38,11,0.014230271668822769
1,773,39,9,0.01164294954721863
1,773,40,7,0.00905562742561449
1,773,41,10,0.0129366106080207
1,773,42,13,0.01681759379042691
1,773,43,15,0.01940491591203105
1,773,44,6,0.00776196636481242
1,773,45,3,0.00388098318240621
1,773,46,3,0.00388098318240621
1,773,48,9,0.01164294954721863
1,773,49,11,0.014230271668822769
1,773,50,9,0.01164294954721863
1,773,51,7,0.00905562742561449
1,773,52,5,0.00646830530401035
1,773,53,8,0.01034928848641656
1,773,54,9,0.01164294954721863
1,773,56,10,0.0129366106080207
1,773,57,6,0.00776196636481242
1,773,58,6,0.00776196636481242
1,773,59,7,0.00905562742561449
1,773,60,11,0.014230271668822769
1,773,61,10,0.0129366106080207
1,773,62,12,0.01552393272962484
1,773,63,8,0.01034928848641656
1,773,64,6,0.00776196636481242
1,773,65,6,0.00776196636481242
1,773,66,6,0.00776196636481242
1,773,67,7,0.00905562742561449
1,773,68,5,0.00646830530401035
1,773,69,8,0.01034928848641656
1,773,70,9,0.01164294954721863
1,773,71,7,0.00905562742561449
1,773,72,12,0.01552393272962484
1,773,73,8,0.01034928848641656
1,773,74,11,0.014230271668822769
1,773,75,8,0.01034928848641656
1,773,76,14,0.01811125485122898
1,773,79,8,0.01034928848641656
1,773,80,4,0.00517464424320828
1,773,81,12,0.01552393272962484
1,773,82,15,0.01940491591203105
1,773,83,4,0.00517464424320828
1,773,84,6,0.00776196636481242
1,773,85,6,0.00776196636481242
1,773,87,10,0.0129366106080207
1,773,88,3,0.00388098318240621
1,773,89,10,0.0129366106080207
1,773,90,8,0.01034928848641656
1,773,91,8,0.01034928848641656
1,773,92,7,0.00905562742561449
1,773,93,15,0.01940491591203105
1,773,94,7,0.00905562742561449
1,773,95,11,0.014230271668822769
1,773,104,7,0.00905562742561449
1,773,105,8,0.01034928848641656
1,773,106,8,0.01034928848641656
1,773,107,3,0.00388098318240621
1,773,108,9,0.01164294954721863
1,773,109,6,0.00776196636481242
1,773,110,9,0.01164294954721863
1,773,111,6,0.00776196636481242
2,773,0,6,0.00776196636481242
2,773,1,6,0.00776196636481242
2,773,2,6,0.00776196636481242
2,773,3,7,0.00905562742561449
2,773,4,9,0.01164294954721863
2,773,5,9,0.01164294954721863
2,773,6,10,0.0129366106080207
2,773,7,6,0.00776196636481242
2,773,10,10,0.0129366106080207
2,773,11,10,0.0129366106080207
2,773,12,6,0.00776196636481242
2,773,13,11,0.014230271668822769
2,773,15,9,0.01164294954721863
2,773,16,6,0.00776196636481242
2,773,17,9,0.01164294954721863
2,773,18,6,0.00776196636481242
2,773,19,14,0.01811125485122898
2,773,20,8,0.01034928848641656
2,773,24,4,0.00517464424320828
2,773,25,7,0.00905562742561449
2,773,26,8,0.01034928848641656
2,773,27,9,0.01164294954721863
2,773,28,11,0.014230271668822769
2,773,29,9,0.01164294954721863
2,773,30,12,0.01552393272962484
2,773,32,12,0.01552393272962484
2,773,33,10,0.0129366106080207
2,773,34,12,0.01552393272962484
2,773,35,9,0.01164294954721863
2,773,36,9,0.01164294954721863
2,773,37,11,0.014230271668822769
2,773,38,8,0.01034928848641656
2,773,39,4,0.00517464424320828
2,773,40,13,0.01681759379042691
2,773,41,4,0.00517464424320828
2,773,42,5,0.00646830530401035
2,773,43,6,0.00776196636481242
2,773,44,9,0.01164294954721863
2,773,45,8,0.01034928848641656
2,773,46,8,0.01034928848641656
2,773,48,18,0.02328589909443726
2,773,49,8,0.01034928848641656
2,773,50,8,0.01034928848641656
2,773,51,9,0.01164294954721863
2,773,52,4,0.00517464424320828
2,773,53,2,0.00258732212160414
2,773,54,8,0.01034928848641656
2,773,56,7,0.00905562742561449
2,773,57,12,0.01552393272962484
2,773,58,9,0.01164294954721863
2,773,59,8,0.01034928848641656
2,773,60,5,0.00646830530401035
2,773,61,8,0.01034928848641656
2,773,62,9,0.01164294954721863
2,773,63,8,0.01034928848641656
2,773,64,9,0.01164294954721863
2,773,65,7,0.00905562742561449
2,773,66,7,0.00905562742561449
2,773,67,13,0.01681759379042691
2,773,68,11,0.014230271668822769
2,773,69,5,0.00646830530401035
2,773,70,8,0.01034928848641656
2,773,71,13,0.01681759379042691
2,773,72,6,0.00776196636481242
2,773,73,11,0.014230271668822769
2,773,74,12,0.01552393272962484
2,773,75,6,0.00776196636481242
2,773,76,12,0.01552393272962484
2,773,79,10,0.0129366106080207
2,773,80,9,0.01164294954721863
2,773,81,12,0.01552393272962484
2,773,82,2,0.00258732212160414
2,773,83,4,0.00517464424320828
2,773,84,7,0.00905562742561449
2,773,85,5,0.00646830530401035
2,773,87,6,0.00776196636481242
2,773,88,9,0.01164294954721863
2,773,89,16,0.02069857697283312
2,773,90,8,0.01034928848641656
2,773,91,12,0.01552393272962484
2,773,92,7,0.00905562742561449
2,773,93,9,0.01164294954721863
2,773,94,5,0.00646830530401035
2,773,95,6,0.00776196636481242
2,773,104,10,0.0129366106080207
2,773,105,10,0.0129366106080207
2,773,106,7,0.00905562742561449
2,773,107,6,0.00776196636481242
2,773,108,6,0.00776196636481242
2,773,109,7,0.00905562742561449
2,773,110,11,0.014230271668822769
2,773,111,10,0.0129366106080207
3,773,0,4,0.00517464424320828
3,773,1,8,0.01034928848641656
3,773,2,10,0.0129366106080207
3,773,3,13,0.01681759379042691
3,773,4,6,0.00776196636481242
3,773,5,18,0.02328589909443726
3,773,6,8,0.01034928848641656
3,773,7,5,0.00646830530401035
3,773,10,6,0.00776196636481242
3,773,11,6,0.00776196636481242
3,773,12,9,0.01164294954721863
3,773,13,5,0.00646830530401035
3,773,15,10,0.0129366106080207
3,773,16,6,0.00776196636481242
3,773,17,6,0.00776196636481242
3,773,18,7,0.00905562742561449
3,773,19,10,0.0129366106080207
3,773,20,13,0.01681759379042691
3,773,24,8,0.01034928848641656
3,773,25,9,0.01164294954721863
3,773,26,4,0.00517464424320828
3,773,27,9,0.01164294954721863
3,773,28,4,0.00517464424320828
3,773,29,15,0.01940491591203105
3,773,30,3,0.00388098318240621
3,773,32,11,0.014230271668822769
3,773,33,11,0.014230271668822769
3,773,34,9,0.01164294954721863
3,773,35,12,0.01552393272962484
3,773,36,10,0.0129366106080207
3,773,37,11,0.014230271668822769
3,773,38,8,0.01034928848641656
3,773,39,14,0.01811125485122898
3,773,40,7,0.00905562742561449
3,773,41,13,0.01681759379042691
3,773,42,8,0.01034928848641656
3,773,43,6,0.00776196636481242
3,773,44,6,0.00776196636481242
3,773,45,8,0.01034928848641656
3,773,46,8,0.01034928848641656
3,773,48,5,0.00646830530401035
3,773,49,14,0.01811125485122898
3,773,50,4,0.00517464424320828
3,773,51,13,0.01681759379042691
3,773,52,7,0.00905562742561449
3,773,53,5,0.00646830530401035
3,773,54,7,0.00905562742561449
3,773,56,6,0.00776196636481242
3,773,57,11,0.014230271668822769
3,773,58,10,0.0129366106080207
3,773,59,8,0.01034928848641656
3,773,60,8,0.01034928848641656
3,773,61,4,0.00517464424320828
3,773,62,5,0.00646830530401035
3,773,63,8,0.01034928848641656
3,773,64,9,0.01164294954721863
3,773,65,12,0.01552393272962484
3,773,66,7,0.00905562742561449
3,773,67,11,0.014230271668822769
3,773,68,5,0.00646830530401035
3,773,69,8,0.01034928848641656
3,773,70,14,0.01811125485122898
3,773,71,11,0.014230271668822769
3,773,72,4,0.00517464424320828
3,773,73,14,0.01811125485122898
3,773,74,12,0.01552393272962484
3,773,75,5,0.00646830530401035
3,773,76,10,0.0129366106080207
3,773,79,4,0.00517464424320828
3,773,80,5,0.00646830530401035
3,773,81,12,0.01552393272962484
3,773,82,8,0.01034928848641656
3,773,83,8,0.01034928848641656
3,773,84,10,0.0129366106080207
3,773,85,7,0.00905562742561449
3,773,87,15,0.01940491591203105
3,773,88,7,0.00905562742561449
3,773,89,6,0.00776196636481242
3,773,90,12,0.01552393272962484
3,773,91,7,0.00905562742561449
3,773,92,8,0.01034928848641656
3,773,93,6,0.00776196636481242
3,773,94,9,0.01164294954721863
3,773,95,7,0.00905562742561449
3,773,104,7,0.00905562742561449
3,773,105,4,0.00517464424320828
3,773,106,4,0.00517464424320828
3,773,107,8,0.01034928848641656
3,773,108,12,0.01552393272962484
3,773,109,8,0.01034928848641656
3,773,110,7,0.00905562742561449
3,773,111,11,0.014230271668822769
4,773,0,12,0.01552393272962484
4,773,1,11,0.014230271668822769
4,773,2,12,0.01552393272962484
4,773,3,10,0.0129366106080207
4,773,4,6,0.00776196636481242
4,773,5,12,0.01552393272962484
4,773,6,8,0.01034928848641656
4,773,7,6,0.00776196636481242
4,773,10,8,0.01034928848641656
4,773,11,10,0.0129366106080207
4,773,12,8,0.01034928848641656
4,773,13,14,0.01811125485122898
4,773,15,4,0.00517464424320828
4,773,16,7,0.00905562742561449
4,773,17,10,0.0129366106080207
4,773,18,13,0.01681759379042691
4,773,19,10,0.0129366106080207
4,773,20,2,0.00258732212160414
4,773,24,12,0.01552393272962484
4,773,25,7,0.00905562742561449
4,773,26,13,0.01681759379042691
4,773,27,12,0.01552393272962484
4,773,28,10,0.0129366106080207
4,773,29,13,0.01681759379042691
4,773,30,6,0.00776196636481242
4,773,32,8,0.01034928848641656
4,773,33,8,0.01034928848641656
4,773,34,11,0.014230271668822769
4,773,35,10,0.0129366106080207
4,773,36,9,0.01164294954721863
4,773,37,3,0.00388098318240621
4,773,38,8,0.01034928848641656
4,773,39,7,0.00905562742561449
4,773,40,11,0.014230271668822769
4,773,41,7,0.00905562742561449
4,773,42,5,0.00646830530401035
4,773,43,7,0.00905562742561449
4,773,44,7,0.00905562742561449
4,773,45,7,0.00905562742561449
4,773,46,13,0.01681759379042691
4,773,48,7,0.00905562742561449
4,773,49,14,0.01811125485122898
4,773,50,13,0.01681759379042691
4,773,51,9,0.01164294954721863
4,773,52,5,0.00646830530401035
4,773,53,9,0.01164294954721863
4,773,54,7,0.00905562742561449
4,773,56,10,0.0129366106080207
4,773,57,8,0.01034928848641656
4,773,58,4,0.00517464424320828
4,773,59,4,0.00517464424320828
4,773,60,7,0.00905562742561449
4,773,61,8,0.01034928848641656
4,773,62,10,0.0129366106080207
4,773,63,7,0.00905562742561449
4,773,64,4,0.00517464424320828
4,773,65,14,0.01811125485122898
4,773,66,6,0.00776196636481242
4,773,67,8,0.01034928848641656
4,773,68,10,0.0129366106080207
4,773,69,12,0.01552393272962484
4,773,70,9,0.01164294954721863
4,773,71,7,0.00905562742561449
4,773,72,4,0.00517464424320828
4,773,73,7,0.00905562742561449
4,773,74,10,0.0129366106080207
4,773,75,11,0.014230271668822769
4,773,76,6,0.00776196636481242
4,773,79,5,0.00646830530401035
4,773,80,10,0.0129366106080207
4,773,81,10,0.0129366106080207
4,773,82,7,0.00905562742561449
4,773,83,10,0.0129366106080207
4,773,84,8,0.01034928848641656
4,773,85,4,0.00517464424320828
4,773,87,7,0.00905562742561449
4,773,88,5,0.00646830530401035
4,773,89,7,0.00905562742561449
4,773,90,10,0.0129366106080207
4,773,91,7,0.00905562742561449
4,773,92,8,0.01034928848641656
4,773,93,8,0.01034928848641656
4,773,94,6,0.00776196636481242
4,773,95,6,0.00776196636481242
4,773,104,10,0.0129366106080207
4,773,105,8,0.01034928848641656
4,773,106,5,0.00646830530401035
4,773,107,7,0.00905562742561449
4,773,108,10,0.0129366106080207
4,773,109,12,0.01552393272962484
4,773,110,10,0.0129366106080207
4,773,111,6,0.00776196636481242
5,773,0,5,0.00646830530401035
5,773,1,12,0.01552393272962484
5,773,2,7,0.00905562742561449
5,773,3,11,0.014230271668822769
5,773,4,5,0.00646830530401035
5,773,5,8,0.01034928848641656
5,773,6,3,0.00388098318240621
5,773,7,2,0.00258732212160414
5,773,10,7,0.00905562742561449
5,773,11,8,0.01034928848641656
5,773,12,7,0.00905562742561449
5,773,13,11,0.014230271668822769
5,773,15,8,0.01034928848641656
5,773,16,7,0.00905562742561449
5,773,17,11,0.014230271668822769
5,773,18,4,0.00517464424320828
5,773,19,11,0.014230271668822769
5,773,20,17,0.02199223803363519
5,773,24,6,0.00776196636481242
5,773,25,9,0.01164294954721863
5,773,26,9,0.01164294954721863
5,773,27,7,0.00905562742561449
5,773,28,5,0.00646830530401035
5,773,29,11,0.014230271668822769
5,773,30,7,0.00905562742561449
5,773,32,8,0.01034928848641656
5,773,33,8,0.01034928848641656
5,773,34,8,0.01034928848641656
5,773,35,6,0.00776196636481242
5,773,36,10,0.0129366106080207
5,773,37,10,0.0129366106080207
5,773,38,7,0.00905562742561449
5,773,39,13,0.01681759379042691
5,773,40,4,0.00517464424320828
5,773,41,9,0.01164294954721863
5,773,42,9,0.01164294954721863
5,773,43,7,0.00905562742561449
5,773,44,9,0.01164294954721863
5,773,45,12,0.01552393272962484
5,773,46,9,0.01164294954721863
5,773,48,4,0.00517464424320828
5,773,49,6,0.00776196636481242
5,773,50,7,0.00905562742561449
5,773,51,6,0.00776196636481242
5,773,52,8,0.01034928848641656
5,773,53,5,0.00646830530401035
5,773,54,16,0.02069857697283312
5,773,56,10,0.0129366106080207
5,773,57,7,0.00905562742561449
5,773,58,8,0.01034928848641656
5,773,59,5,0.00646830530401035
5,773,60,5,0.00646830530401035
5,773,61,5,0.00646830530401035
5,773,62,10,0.0129366106080207
5,773,63,7,0.00905562742561449
5,773,64,11,0.014230271668822769
5,773,65,11,0.014230271668822769
5,773,66,9,0.01164294954721863
5,773,67,5,0.00646830530401035
5,773,68,10,0.0129366106080207
5,773,69,7,0.00905562742561449
5,773,70,8,0.01034928848641656
5,773,71,5,0.00646830530401035
5,773,72,7,0.00905562742561449
5,773,73,6,0.00776196636481242
5,773,74,9,0.01164294954721863
5,773,75,6,0.00776196636481242
5,773,76,6,0.00776196636481242
5,773,79,14,0.01811125485122898
5,773,80,8,0.01034928848641656
5,773,81,12,0.01552393272962484
5,773,82,8,0.01034928848641656
5,773,83,4,0.00517464424320828
5,773,84,12,0.01552393272962484
5,773,85,9,0.01164294954721863
5,773,87,16,0.02069857697283312
5,773,88,13,0.01681759379042691
5,773,89,11,0.014230271668822769
5,773,90,9,0.01164294954721863
5,773,91,8,0.01034928848641656
5,773,92,8,0.01034928848641656
5,773,93,11,0.014230271668822769
5,773,94,10,0.0129366106080207
5,773,95,11,0.014230271668822769
5,773,104,12,0.01552393272962484
5,773,105,8,0.01034928848641656
5,773,106,8,0.01034928848641656
5,773,107,14,0.01811125485122898
5,773,108,5,0.00646830530401035
5,773,109,9,0.01164294954721863
5,773,110,11,0.014230271668822769
5,773,111,6,0.00776196636481242
6,773,0,11,0.014230271668822769
6,773,1,7,0.00905562742561449
6,773,2,3,0.00388098318240621
6,773,3,12,0.01552393272962484
6,773,4,8,0.01034928848641656
6,773,5,5,0.00646830530401035
6,773,6,9,0.01164294954721863
6,773,7,9,0.01164294954721863
6,773,10,4,0.00517464424320828
6,773,11,4,0.00517464424320828
6,773,12,10,0.0129366106080207
6,773,13,10,0.0129366106080207
6,773,15,7,0.00905562742561449
6,773,16,14,0.01811125485122898
6,773,17,11,0.014230271668822769
6,773,18,12,0.01552393272962484
6,773,19,5,0.00646830530401035
6,773,20,9,0.01164294954721863
6,773,24,10,0.0129366106080207
6,773,25,5,0.00646830530401035
6,773,26,9,0.01164294954721863
6,773,27,10,0.0129366106080207
6,773,28,12,0.01552393272962484
6,773,29,4,0.00517464424320828
6,773,30,9,0.01164294954721863
6,773,32,13,0.01681759379042691
6,773,33,10,0.0129366106080207
6,773,34,6,0.00776196636481242
6,773,35,6,0.00776196636481242
6,773,36,8,0.01034928848641656
6,773,37,11,0.014230271668822769
6,773,38,11,0.014230271668822769
6,773,39,6,0.00776196636481242
6,773,40,6,0.00776196636481242
6,773,41,7,0.00905562742561449
6,773,42,8,0.01034928848641656
6,773,43,16,0.02069857697283312
6,773,44,12,0.01552393272962484
6,773,45,8,0.01034928848641656
6,773,46,12,0.01552393272962484
6,773,48,5,0.00646830530401035
6,773,49,5,0.00646830530401035
6,773,50,18,0.02328589909443726
6,773,51,5,0.00646830530401035
6,773,52,9,0.01164294954721863
6,773,53,15,0.01940491591203105
6,773,54,11,0.014230271668822769
6,773,56,10,0.0129366106080207
6,773,57,9,0.01164294954721863
6,773,58,13,0.01681759379042691
6,773,59,7,0.00905562742561449
6,773,60,9,0.01164294954721863
6,773,61,9,0.01164294954721863
6,773,62,8,0.01034928848641656
6,773,63,9,0.01164294954721863
6,773,64,11,0.014230271668822769
6,773,65,6,0.00776196636481242
6,773,66,8,0.01034928848641656
6,773,67,9,0.01164294954721863
6,773,68,6,0.00776196636481242
6,773,69,8,0.01034928848641656
6,773,70,3,0.00388098318240621
6,773,71,9,0.01164294954721863
6,773,72,9,0.01164294954721863
6,773,73,10,0.0129366106080207
6,773,74,10,0.0129366106080207
6,773,75,11,0.014230271668822769
6,773,76,6,0.00776196636481242
6,773,79,8,0.01034928848641656
6,773,80,11,0.014230271668822769
6,773,81,6,0.00776196636481242
6,773,82,10,0.0129366106080207
6,773,83,10,0.0129366106080207
6,773,84,11,0.014230271668822769
6,773,85,7,0.00905562742561449
6,773,87,5,0.00646830530401035
6,773,88,4,0.00517464424320828
6,773,89,5,0.00646830530401035
6,773,90,3,0.00388098318240621
6,773,91,5,0.00646830530401035
6,773,92,8,0.01034928848641656
6,773,93,5,0.00646830530401035
6,773,94,9,0.01164294954721863
6,773,95,6,0.00776196636481242
6,773,104,13,0.01681759379042691
6,773,105,8,0.01034928848641656
6,773,106,6,0.00776196636481242
6,773,107,8,0.01034928848641656
6,773,108,6,0.00776196636481242
6,773,109,9,0.01164294954721863
6,773,110,4,0.00517464424320828
6,773,111,9,0.01164294954721863
7,773,0,6,0.00776196636481242
7,773,1,8,0.01034928848641656
7,773,2,10,0.0129366106080207
7,773,3,4,0.00517464424320828
7,773,4,7,0.00905562742561449
7,773,5,8,0.01034928848641656
7,773,6,14,0.01811125485122898
7,773,7,14,0.01811125485122898
7,773,10,7,0.00905562742561449
7,773,11,8,0.01034928848641656
7,773,12,6,0.00776196636481242
7,773,13,7,0.00905562742561449
7,773,15,9,0.01164294954721863
7,773,16,12,0.01552393272962484
7,773,17,5,0.00646830530401035
7,773,18,12,0.01552393272962484
7,773,19,11,0.014230271668822769
7,773,20,10,0.0129366106080207
7,773,24,10,0.0129366106080207
7,773,25,7,0.00905562742561449
7,773,26,11,0.014230271668822769
7,773,27,7,0.00905562742561449
7,773,28,12,0.01552393272962484
7,773,29,7,0.00905562742561449
7,773,30,15,0.01940491591203105
7,773,32,9,0.01164294954721863
7,773,33,7,0.00905562742561449
7,773,34,12,0.01552393272962484
7,773,35,8,0.01034928848641656
7,773,36,4,0.00517464424320828
7,773,37,7,0.00905562742561449
7,773,38,6,0.00776196636481242
7,773,39,9,0.01164294954721863
7,773,40,5,0.00646830530401035
7,773,41,5,0.00646830530401035
7,773,42,6,0.00776196636481242
7,773,43,11,0.014230271668822769
7,773,44,6,0.00776196636481242
7,773,45,13,0.01681759379042691
7,773,46,11,0.014230271668822769
7,773,48,12,0.01552393272962484
7,773,49,9,0.01164294954721863
7,773,50,11,0.014230271668822769
7,773,51,9,0.01164294954721863
7,773,52,3,0.00388098318240621
7,773,53,8,0.01034928848641656
7,773,54,8,0.01034928848641656
7,773,56,9,0.01164294954721863
7,773,57,5,0.00646830530401035
7,773,58,10,0.0129366106080207
7,773,59,4,0.00517464424320828
7,773,60,7,0.00905562742561449
7,773,61,7,0.00905562742561449
7,773,62,7,0.00905562742561449
7,773,63,15,0.01940491591203105
7,773,64,9,0.01164294954721863
7,773,65,7,0.00905562742561449
7,773,66,7,0.00905562742561449
7,773,67,5,0.00646830530401035
7,773,68,7,0.00905562742561449
7,773,69,13,0.01681759379042691
7,773,70,3,0.00388098318240621
7,773,71,12,0.01552393272962484
7,773,72,5,0.00646830530401035
7,773,73,18,0.02328589909443726
7,773,74,9,0.01164294954721863
7,773,75,9,0.01164294954721863
7,773,76,8,0.01034928848641656
7,773,79,8,0.01034928848641656
7,773,80,10,0.0129366106080207
7,773,81,11,0.014230271668822769
7,773,82,5,0.00646830530401035
7,773,83,5,0.00646830530401035
7,773,84,10,0.0129366106080207
7,773,85,6,0.00776196636481242
7,773,87,5,0.00646830530401035
7,773,88,13,0.01681759379042691
7,773,89,6,0.00776196636481242
7,773,90,6,0.00776196636481242
7,773,91,6,0.00776196636481242
7,773,92,7,0.00905562742561449
7,773,93,11,0.014230271668822769
7,773,94,7,0.00905562742561449
7,773,95,6,0.00776196636481242
7,773,104,5,0.00646830530401035
7,773,105,9,0.01164294954721863
7,773,106,11,0.014230271668822769
7,773,107,7,0.00905562742561449
7,773,108,10,0.0129366106080207
7,773,109,11,0.014230271668822769
7,773,110,9,0.01164294954721863
7,773,111,7,0.00905562742561449
8,773,0,9,0.01164294954721863
8,773,1,5,0.00646830530401035
8,773,2,4,0.00517464424320828
8,773,3,9,0.01164294954721863
8,773,4,4,0.00517464424320828
8,773,5,7,0.00905562742561449
8,773,6,7,0.00905562742561449
8,773,7,5,0.00646830530401035
8,773,10,14,0.01811125485122898
8,773,11,14,0.01811125485122898
8,773,12,15,0.01940491591203105
8,773,13,12,0.01552393272962484
8,773,15,1,0.00129366106080207
8,773,16,12,0.01552393272962484
8,773,17,9,0.01164294954721863
8,773,18,7,0.00905562742561449
8,773,19,11,0.014230271668822769
8,773,20,7,0.00905562742561449
8,773,24,6,0.00776196636481242
8,773,25,13,0.01681759379042691
8,773,26,5,0.00646830530401035
8,773,27,5,0.00646830530401035
8,773,28,12,0.01552393272962484
8,773,29,8,0.01034928848641656
8,773,30,8,0.01034928848641656
8,773,32,8,0.01034928848641656
8,773,33,7,0.00905562742561449
8,773,34,5,0.00646830530401035
8,773,35,13,0.01681759379042691
8,773,36,5,0.00646830530401035
8,773,37,11,0.014230271668822769
8,773,38,8,0.01034928848641656
8,773,39,8,0.01034928848641656
8,773,40,12,0.01552393272962484
8,773,41,5,0.00646830530401035
8,773,42,5,0.00646830530401035
8,773,43,6,0.00776196636481242
8,773,44,7,0.00905562742561449
8,773,45,10,0.0129366106080207
8,773,46,10,0.0129366106080207
8,773,48,9,0.01164294954721863
8,773,49,5,0.00646830530401035
8,773,50,6,0.00776196636481242
8,773,51,13,0.01681759379042691
8,773,52,12,0.01552393272962484
8,773,53,6,0.00776196636481242
8,773,54,11,0.014230271668822769
8,773,56,9,0.01164294954721863
8,773,57,6,0.00776196636481242
8,773,58,7,0.00905562742561449
8,773,59,9,0.01164294954721863
8,773,60,11,0.014230271668822769
8,773,61,10,0.0129366106080207
8,773,62,5,0.00646830530401035
8,773,63,11,0.014230271668822769
8,773,64,7,0.00905562742561449
8,773,65,8,0.01034928848641656
8,773,66,9,0.01164294954721863
8,773,67,10,0.0129366106080207
8,773,68,13,0.01681759379042691
8,773,69,9,0.01164294954721863
8,773,70,14,0.01811125485122898
8,773,71,6,0.00776196636481242
8,773,72,11,0.014230271668822769
8,773,73,10,0.0129366106080207
8,773,74,9,0.01164294954721863
8,773,75,6,0.00776196636481242
8,773,76,1,0.00129366106080207
8,773,79,6,0.00776196636481242
8,773,80,5,0.00646830530401035
8,773,81,11,0.014230271668822769
8,773,82,8,0.01034928848641656
8,773,83,12,0.01552393272962484
8,773,84,10,0.0129366106080207
8,773,85,8,0.01034928848641656
8,773,87,10,0.0129366106080207
8,773,88,4,0.00517464424320828
8,773,89,11,0.014230271668822769
8,773,90,6,0.00776196636481242
8,773,91,8,0.01034928848641656
8,773,92,13,0.01681759379042691
8,773,93,5,0.00646830530401035
8,773,94,9,0.01164294954721863
8,773,95,4,0.00517464424320828
8,773,104,5,0.00646830530401035
8,773,105,14,0.01811125485122898
8,773,106,8,0.01034928848641656
8,773,107,11,0.014230271668822769
8,773,108,11,0.014230271668822769
8,773,109,8,0.01034928848641656
8,773,110,6,0.00776196636481242
8,773,111,8,0.01034928848641656
9,773,0,4,0.00517464424320828
9,773,1,11,0.014230271668822769
9,773,2,7,0.00905562742561449
9,773,3,11,0.014230271668822769
9,773,4,18,0.02328589909443726
9,773,5,6,0.00776196636481242
9,773,6,6,0.00776196636481242
9,773,7,12,0.01552393272962484
9,773,10,13,0.01681759379042691
9,773,11,7,0.00905562742561449
9,773,12,10,0.0129366106080207
9,773,13,5,0.00646830530401035
9,773,15,7,0.00905562742561449
9,773,16,9,0.01164294954721863
9,773,17,9,0.01164294954721863
9,773,18,11,0.014230271668822769
9,773,19,8,0.01034928848641656
9,773,20,9,0.01164294954721863
9,773,24,3,0.00388098318240621
9,773,25,7,0.00905562742561449
9,773,26,9,0.01164294954721863
9,773,27,7,0.00905562742561449
9,773,28,7,0.00905562742561449
9,773,29,10,0.0129366106080207
9,773,30,7,0.00905562742561449
9,773,32,9,0.01164294954721863
9,773,33,4,0.00517464424320828
9,773,34,4,0.00517464424320828
9,773,35,7,0.00905562742561449
9,773,36,7,0.00905562742561449
9,773,37,10,0.0129366106080207
9,773,38,9,0.01164294954721863
9,773,39,10,0.0129366106080207
9,773,40,6,0.00776196636481242
9,773,41,9,0.01164294954721863
9,773,42,11,0.014230271668822769
9,773,43,8,0.01034928848641656
9,773,44,6,0.00776196636481242
9,773,45,6,0.00776196636481242
9,773,46,10,0.0129366106080207
9,773,48,2,0.00258732212160414
9,773,49,10,0.0129366106080207
9,773,50,10,0.0129366106080207
9,773,51,7,0.00905562742561449
9,773,52,13,0.01681759379042691
9,773,53,11,0.014230271668822769
9,773,54,8,0.01034928848641656
9,773,56,13,0.01681759379042691
9,773,57,8,0.01034928848641656
9,773,58,6,0.00776196636481242
9,773,59,6,0.00776196636481242
9,773,60,5,0.00646830530401035
9,773,61,7,0.00905562742561449
9,773,62,11,0.014230271668822769
9,773,63,7,0.00905562742561449
9,773,64,11,0.014230271668822769
9,773,65,4,0.00517464424320828
9,773,66,7,0.00905562742561449
9,773,67,9,0.01164294954721863
9,773,68,14,0.01811125485122898
9,773,69,9,0.01164294954721863
9,773,70,9,0.01164294954721863
9,773,71,8,0.01034928848641656
9,773,72,9,0.01164294954721863
9,773,73,6,0.00776196636481242
9,773,74,7,0.00905562742561449
9,773,75,9,0.01164294954721863
9,773,76,6,0.00776196636481242
9,773,79,9,0.01164294954721863
9,773,80,4,0.00517464424320828
9,773,81,7,0.00905562742561449
9,773,82,10,0.0129366106080207
9,773,83,12,0.01552393272962484
9,773,84,7,0.00905562742561449
9,773,85,11,0.014230271668822769
9,773,87,7,0.00905562742561449
9,773,88,12,0.01552393272962484
9,773,89,8,0.01034928848641656
9,773,90,8,0.01034928848641656
9,773,91,8,0.01034928848641656
9,773,92,12,0.01552393272962484
9,773,93,8,0.01034928848641656
9,773,94,9,0.01164294954721863
9,773,95,11,0.014230271668822769
9,773,104,10,0.0129366106080207
9,773,105,9,0.01164294954721863
9,773,106,5,0.00646830530401035
9,773,107,11,0.014230271668822769
9,773,108,8,0.01034928848641656
9,773,109,11,0.014230271668822769
9,773,110,6,0.00776196636481242
9,773,111,9,0.01164294954721863
10,773,0,10,0.0129366106080207
10,773,1,15,0.01940491591203105
10,773,2,12,0.01552393272962484
10,773,3,9,0.01164294954721863
10,773,4,6,0.00776196636481242
10,773,5,6,0.00776196636481242
10,773,6,7,0.00905562742561449
10,773,7,6,0.00776196636481242
10,773,10,10,0.0129366106080207
10,773,11,9,0.01164294954721863
10,773,12,6,0.00776196636481242
10,773,13,7,0.00905562742561449
10,773,15,9,0.01164294954721863
10,773,16,14,0.01811125485122898
10,773,17,8,0.01034928848641656
10,773,18,11,0.014230271668822769
10,773,19,6,0.00776196636481242
10,773,20,15,0.01940491591203105
10,773,24,9,0.01164294954721863
10,773,25,8,0.01034928848641656
10,773,26,7,0.00905562742561449
10,773,27,9,0.01164294954721863
10,773,28,9,0.01164294954721863
10,773,29,9,0.01164294954721863
10,773,30,14,0.01811125485122898
10,773,32,3,0.00388098318240621
10,773,33,8,0.01034928848641656
10,773,34,10,0.0129366106080207
10,773,35,10,0.0129366106080207
10,773,36,11,0.014230271668822769
10,773,37,7,0.00905562742561449
10,773,38,6,0.00776196636481242
10,773,39,9,0.01164294954721863
10,773,40,8,0.01034928848641656
10,773,41,6,0.00776196636481242
10,773,42,5,0.00646830530401035
10,773,43,6,0.00776196636481242
10,773,44,5,0.00646830530401035
10,773,45,8,0.01034928848641656
10,773,46,10,0.0129366106080207
10,773,48,6,0.00776196636481242
10,773,49,7,0.00905562742561449
10,773,50,9,0.01164294954721863
10,773,51,12,0.01552393272962484
10,773,52,6,0.00776196636481242
10,773,53,13,0.01681759379042691
10,773,54,2,0.00258732212160414
10,773,56,8,0.01034928848641656
10,773,57,10,0.0129366106080207
10,773,58,6,0.00776196636481242
10,773,59,11,0.014230271668822769
10,773,60,8,0.01034928848641656
10,773,61,6,0.00776196636481242
10,773,62,4,0.00517464424320828
10,773,63,8,0.01034928848641656
10,773,64,11,0.014230271668822769
10,773,65,6,0.00776196636481242
10,773,66,12,0.01552393272962484
10,773,67,8,0.01034928848641656
10,773,68,8,0.01034928848641656
10,773,69,8,0.01034928848641656
10,773,70,5,0.00646830530401035
10,773,71,8,0.01034928848641656
10,773,72,12,0.01552393272962484
10,773,73,10,0.0129366106080207
10,773,74,6,0.00776196636481242
10,773,75,10,0.0129366106080207
10,773,76,8,0.01034928848641656
10,773,79,8,0.01034928848641656
10,773,80,10,0.0129366106080207
10,773,81,6,0.00776196636481242
10,773,82,15,0.01940491591203105
10,773,83,8,0.01034928848641656
10,773,84,10,0.0129366106080207
10,773,85,8,0.01034928848641656
10,773,87,8,0.01034928848641656
10,773,88,7,0.00905562742561449
10,773,89,8,0.01034928848641656
10,773,90,7,0.00905562742561449
10,773,91,7,0.00905562742561449
10,773,92,7,0.00905562742561449
10,773,93,8,0.01034928848641656
10,773,94,8,0.01034928848641656
10,773,95,6,0.00776196636481242
10,773,104,9,0.01164294954721863
10,773,105,8,0.01034928848641656
10,773,106,10,0.0129366106080207
10,773,107,9,0.01164294954721863
10,773,108,12,0.01552393272962484
10,773,109,6,0.00776196636481242
10,773,110,4,0.00517464424320828
10,773,111,13,0.01681759379042691
11,773,0,6,0.00776196636481242
11,773,1,13,0.01681759379042691
11,773,2,10,0.0129366106080207
11,773,3,9,0.01164294954721863
11,773,4,5,0.00646830530401035
11,773,5,8,0.01034928848641656
11,773,6,13,0.01681759379042691
11,773,7,9,0.01164294954721863
11,773,10,8,0.01034928848641656
11,773,11,9,0.01164294954721863
11,773,12,9,0.01164294954721863
11,773,13,8,0.01034928848641656
11,773,15,8,0.01034928848641656
11,773,16,10,0.0129366106080207
11,773,17,14,0.01811125485122898
11,773,18,5,0.00646830530401035
11,773,19,8,0.01034928848641656
11,773,20,7,0.00905562742561449
11,773,24,7,0.00905562742561449
11,773,25,12,0.01552393272962484
11,773,26,6,0.00776196636481242
11,773,27,6,0.00776196636481242
11,773,28,10,0.0129366106080207
11,773,29,10,0.0129366106080207
11,773,30,7,0.00905562742561449
11,773,32,7,0.00905562742561449
11,773,33,4,0.00517464424320828
11,773,34,11,0.014230271668822769
11,773,35,11,0.014230271668822769
11,773,36,7,0.00905562742561449
11,773,37,9,0.01164294954721863
11,773,38,6,0.00776196636481242
11,773,39,5,0.00646830530401035
11,773,40,8,0.01034928848641656
11,773,41,14,0.01811125485122898
11,773,42,9,0.01164294954721863
11,773,43,5,0.00646830530401035
11,773,44,10,0.0129366106080207
11,773,45,7,0.00905562742561449
11,773,46,3,0.00388098318240621
11,773,48,14,0.01811125485122898
11,773,49,7,0.00905562742561449
11,773,50,5,0.00646830530401035
11,773,51,5,0.00646830530401035
11,773,52,13,0.01681759379042691
11,773,53,12,0.01552393272962484
11,773,54,6,0.00776196636481242
11,773,56,3,0.00388098318240621
11,773,57,4,0.00517464424320828
11,773,58,10,0.0129366106080207
11,773,59,16,0.02069857697283312
11,773,60,6,0.00776196636481242
11,773,61,8,0.01034928848641656
11,773,62,14,0.01811125485122898
11,773,63,5,0.00646830530401035
11,773,64,5,0.00646830530401035
11,773,65,9,0.01164294954721863
11,773,66,11,0.014230271668822769
11,773,67,11,0.014230271668822769
11,773,68,7,0.00905562742561449
11,773,69,5,0.00646830530401035
11,773,70,12,0.01552393272962484
11,773,71,5,0.00646830530401035
11,773,72,7,0.00905562742561449
11,773,73,3,0.00388098318240621
11,773,74,5,0.00646830530401035
11,773,75,7,0.00905562742561449
11,773,76,10,0.0129366106080207
11,773,79,7,0.00905562742561449
11,773,80,12,0.01552393272962484
11,773,81,6,0.00776196636481242
11,773,82,9,0.01164294954721863
11,773,83,13,0.01681759379042691
11,773,84,8,0.01034928848641656
11,773,85,7,0.00905562742561449
11,773,87,9,0.01164294954721863
11,773,88,8,0.01034928848641656
11,773,89,15,0.01940491591203105
11,773,90,6,0.00776196636481242
11,773,91,12,0.01552393272962484
11,773,92,9,0.01164294954721863
11,773,93,8,0.01034928848641656
11,773,94,8,0.01034928848641656
11,773,95,11,0.014230271668822769
11,773,104,9,0.01164294954721863
11,773,105,9,0.01164294954721863
11,773,106,9,0.01164294954721863
11,773,107,8,0.01034928848641656
11,773,108,10,0.0129366106080207
11,773,109,5,0.00646830530401035
11,773,110,11,0.014230271668822769
11,773,111,6,0.00776196636481242
12,773,0,11,0.014230271668822769
12,773,1,11,0.014230271668822769
12,773,2,11,0.014230271668822769
12,773,3,5,0.00646830530401035
12,773,4,10,0.0129366106080207
12,773,5,9,0.01164294954721863
12,773,6,8,0.01034928848641656
12,773,7,8,0.01034928848641656
12,773,10,4,0.00517464424320828
12,773,11,10,0.0129366106080207
12,773,12,8,0.01034928848641656
12,773,13,16,0.02069857697283312
12,773,15,12,0.01552393272962484
12,773,16,5,0.00646830530401035
12,773,17,12,0.01552393272962484
12,773,18,11,0.014230271668822769
12,773,19,7,0.00905562742561449
12,773,20,8,0.01034928848641656
12,773,24,11,0.014230271668822769
12,773,25,8,0.01034928848641656
12,773,26,6,0.00776196636481242
12,773,27,7,0.00905562742561449
12,773,28,8,0.01034928848641656
12,773,29,1,0.00129366106080207
12,773,30,5,0.00646830530401035
12,773,32,5,0.00646830530401035
12,773,33,10,0.0129366106080207
12,773,34,12,0.01552393272962484
12,773,35,10,0.0129366106080207
12,773,36,9,0.01164294954721863
12,773,37,6,0.00776196636481242
12,773,38,12,0.01552393272962484
12,773,39,8,0.01034928848641656
12,773,40,9,0.01164294954721863
12,773,41,5,0.00646830530401035
12,773,42,10,0.0129366106080207
12,773,43,11,0.014230271668822769
12,773,44,8,0.01034928848641656
12,773,45,6,0.00776196636481242
12,773,46,7,0.00905562742561449
12,773,48,9,0.01164294954721863
12,773,49,8,0.01034928848641656
12,773,50,5,0.00646830530401035
12,773,51,6,0.00776196636481242
12,773,52,10,0.0129366106080207
12,773,53,6,0.00776196636481242
12,773,54,8,0.01034928848641656
12,773,56,6,0.00776196636481242
12,773,57,10,0.0129366106080207
12,773,58,8,0.01034928848641656
12,773,59,9,0.01164294954721863
12,773,60,8,0.01034928848641656
12,773,61,13,0.01681759379042691
12,773,62,7,0.00905562742561449
12,773,63,8,0.01034928848641656
12,773,64,12,0.01552393272962484
12,773,65,9,0.01164294954721863
12,773,66,8,0.01034928848641656
12,773,67,10,0.0129366106080207
12,773,68,6,0.00776196636481242
12,773,69,7,0.00905562742561449
12,773,70,7,0.00905562742561449
12,773,71,4,0.00517464424320828
12,773,72,11,0.014230271668822769
12,773,73,10,0.0129366106080207
12,773,74,6,0.00776196636481242
12,773,75,13,0.01681759379042691
12,773,76,5,0.00646830530401035
12,773,79,16,0.02069857697283312
12,773,80,6,0.00776196636481242
12,773,81,4,0.00517464424320828
12,773,82,9,0.01164294954721863
12,773,83,6,0.00776196636481242
12,773,84,6,0.00776196636481242
12,773,85,9,0.01164294954721863
12,773,87,10,0.0129366106080207
12,773,88,11,0.014230271668822769
12,773,89,6,0.00776196636481242
12,773,90,7,0.00905562742561449
12,773,91,4,0.00517464424320828
12,773,92,9,0.01164294954721863
12,773,93,10,0.0129366106080207
12,773,94,9,0.01164294954721863
12,773,95,10,0.0129366106080207
12,773,104,5,0.00646830530401035
12,773,105,9,0.01164294954721863
12,773,106,13,0.01681759379042691
12,773,107,11,0.014230271668822769
12,773,108,10,0.0129366106080207
12,773,109,11,0.014230271668822769
12,773,110,6,0.00776196636481242
12,773,111,7,0.00905562742561449
13,773,0,16,0.02069857697283312
13,773,1,8,0.01034928848641656
13,773,2,6,0.00776196636481242
13,773,3,9,0.01164294954721863
13,773,4,11,0.014230271668822769
13,773,5,11,0.014230271668822769
13,773,6,4,0.00517464424320828
13,773,7,11,0.014230271668822769
13,773,10,6,0.00776196636481242
13,773,11,9,0.01164294954721863
13,773,12,9,0.01164294954721863
13,773,13,6,0.00776196636481242
13,773,15,14,0.01811125485122898
13,773,16,8,0.01034928848641656
13,773,17,6,0.00776196636481242
13,773,18,2,0.00258732212160414
13,773,19,7,0.00905562742561449
13,773,20,8,0.01034928848641656
13,773,24,8,0.01034928848641656
13,773,25,7,0.00905562742561449
13,773,26,8,0.01034928848641656
13,773,27,11,0.014230271668822769
13,773,28,13,0.01681759379042691
13,773,29,12,0.01552393272962484
13,773,30,8,0.01034928848641656
13,773,32,3,0.00388098318240621
13,773,33,10,0.0129366106080207
13,773,34,11,0.014230271668822769
13,773,35,7,0.00905562742561449
13,773,36,10,0.0129366106080207
13,773,37,3,0.00388098318240621
13,773,38,10,0.0129366106080207
13,773,39,6,0.00776196636481242
13,773,40,8,0.01034928848641656
13,773,41,4,0.00517464424320828
13,773,42,7,0.00905562742561449
13,773,43,9,0.01164294954721863
13,773,44,6,0.00776196636481242
13,773,45,6,0.00776196636481242
13,773,46,4,0.00517464424320828
13,773,48,7,0.00905562742561449
13,773,49,10,0.0129366106080207
13,773,50,10,0.0129366106080207
13,773,51,8,0.01034928848641656
13,773,52,4,0.00517464424320828
13,773,53,6,0.00776196636481242
13,773,54,10,0.0129366106080207
13,773,56,9,0.01164294954721863
13,773,57,7,0.00905562742561449
13,773,58,8,0.01034928848641656
13,773,59,17,0.02199223803363519
13,773,60,14,0.01811125485122898
13,773,61,13,0.01681759379042691
13,773,62,6,0.00776196636481242
13,773,63,5,0.00646830530401035
13,773,64,13,0.01681759379042691
13,773,65,11,0.014230271668822769
13,773,66,10,0.0129366106080207
13,773,67,10,0.0129366106080207
13,773,68,13,0.01681759379042691
13,773,69,16,0.02069857697283312
13,773,70,11,0.014230271668822769
13,773,71,7,0.00905562742561449
13,773,72,7,0.00905562742561449
13,773,73,8,0.01034928848641656
13,773,74,11,0.014230271668822769
13,773,75,4,0.00517464424320828
13,773,76,12,0.01552393272962484
13,773,79,8,0.01034928848641656
13,773,80,10,0.0129366106080207
13,773,81,9,0.01164294954721863
13,773,82,7,0.00905562742561449
13,773,83,3,0.00388098318240621
13,773,84,5,0.00646830530401035
13,773,85,14,0.01811125485122898
13,773,87,4,0.00517464424320828
13,773,88,12,0.01552393272962484
13,773,89,7,0.00905562742561449
13,773,90,7,0.00905562742561449
13,773,91,9,0.01164294954721863
13,773,92,4,0.00517464424320828
13,773,93,5,0.00646830530401035
13,773,94,9,0.01164294954721863
13,773,95,12,0.01552393272962484
13,773,104,9,0.01164294954721863
13,773,105,8,0.01034928848641656
13,773,106,6,0.00776196636481242
13,773,107,8,0.01034928848641656
13,773,108,3,0.00388098318240621
13,773,109,12,0.01552393272962484
13,773,110,7,0.00905562742561449
13,773,111,6,0.00776196636481242
14,773,0,11,0.014230271668822769
14,773,1,7,0.00905562742561449
14,773,2,8,0.01034928848641656
14,773,3,2,0.00258732212160414
14,773,4,9,0.01164294954721863
14,773,5,8,0.01034928848641656
14,773,6,7,0.00905562742561449
14,773,7,10,0.0129366106080207
14,773,10,8,0.01034928848641656
14,773,11,9,0.01164294954721863
14,773,12,10,0.0129366106080207
14,773,13,5,0.00646830530401035
14,773,15,9,0.01164294954721863
14,773,16,8,0.01034928848641656
14,773,17,11,0.014230271668822769
14,773,18,9,0.01164294954721863
14,773,19,10,0.0129366106080207
14,773,20,6,0.00776196636481242
14,773,24,7,0.00905562742561449
14,773,25,8,0.01034928848641656
14,773,26,10,0.0129366106080207
14,773,27,10,0.0129366106080207
14,773,28,5,0.00646830530401035
14,773,29,11,0.014230271668822769
14,773,30,9,0.01164294954721863
14,773,32,12,0.01552393272962484
14,773,33,5,0.00646830530401035
14,773,34,10,0.0129366106080207
14,773,35,5,0.00646830530401035
14,773,36,8,0.01034928848641656
14,773,37,9,0.01164294954721863
14,773,38,8,0.01034928848641656
14,773,39,7,0.00905562742561449
14,773,40,10,0.0129366106080207
14,773,41,11,0.014230271668822769
14,773,42,7,0.00905562742561449
14,773,43,6,0.00776196636481242
14,773,44,10,0.0129366106080207
14,773,45,16,0.02069857697283312
14,773,46,10,0.0129366106080207
14,773,48,9,0.01164294954721863
14,773,49,10,0.0129366106080207
14,773,50,7,0.00905562742561449
14,773,51,9,0.01164294954721863
14,773,52,10,0.0129366106080207
14,773,53,9,0.01164294954721863
14,773,54,7,0.00905562742561449
14,773,56,11,0.014230271668822769
14,773,57,4,0.00517464424320828
14,773,58,14,0.01811125485122898
14,773,59,8,0.01034928848641656
14,773,60,9,0.01164294954721863
14,773,61,6,0.00776196636481242
14,773,62,11,0.014230271668822769
14,773,63,12,0.01552393272962484
14,773,64,14,0.01811125485122898
14,773,65,11,0.014230271668822769
14,773,66,9,0.01164294954721863
14,773,67,3,0.00388098318240621
14,773,68,14,0.01811125485122898
14,773,69,5,0.00646830530401035
14,773,70,14,0.01811125485122898
14,773,71,14,0.01811125485122898
14,773,72,8,0.01034928848641656
14,773,73,5,0.00646830530401035
14,773,74,6,0.00776196636481242
14,773,75,6,0.00776196636481242
14,773,76,9,0.01164294954721863
14,773,79,10,0.0129366106080207
14,773,80,9,0.01164294954721863
14,773,81,5,0.00646830530401035
14,773,82,7,0.00905562742561449
14,773,83,6,0.00776196636481242
14,773,84,6,0.00776196636481242
14,773,85,9,0.01164294954721863
14,773,87,10,0.0129366106080207
14,773,88,8,0.01034928848641656
14,773,89,7,0.00905562742561449
14,773,90,5,0.00646830530401035
14,773,91,10,0.0129366106080207
14,773,92,7,0.00905562742561449
14,773,93,3,0.00388098318240621
14,773,94,10,0.0129366106080207
14,773,95,7,0.00905562742561449
14,773,104,10,0.0129366106080207
14,773,105,9,0.01164294954721863
14,773,106,10,0.0129366106080207
14,773,107,4,0.00517464424320828
14,773,108,7,0.00905562742561449
14,773,109,4,0.00517464424320828
14,773,110,7,0.00905562742561449
14,773,111,8,0.01034928848641656
15,773,0,9,0.01164294954721863
15,773,1,9,0.01164294954721863
15,773,2,5,0.00646830530401035
15,773,3,7,0.00905562742561449
15,773,4,15,0.01940491591203105
15,773,5,4,0.00517464424320828
15,773,6,10,0.0129366106080207
15,773,7,8,0.01034928848641656
15,773,10,15,0.01940491591203105
15,773,11,7,0.00905562742561449
15,773,12,6,0.00776196636481242
15,773,13,7,0.00905562742561449
15,773,15,7,0.00905562742561449
15,773,16,5,0.00646830530401035
15,773,17,7,0.00905562742561449
15,773,18,4,0.00517464424320828
15,773,19,6,0.00776196636481242
15,773,20,4,0.00517464424320828
15,773,24,7,0.00905562742561449
15,773,25,5,0.00646830530401035
15,773,26,12,0.01552393272962484
15,773,27,5,0.00646830530401035
15,773,28,6,0.00776196636481242
15,773,29,3,0.00388098318240621
15,773,30,7,0.00905562742561449
15,773,32,11,0.014230271668822769
15,773,33,9,0.01164294954721863
15,773,34,6,0.00776196636481242
15,773,35,8,0.01034928848641656
15,773,36,5,0.00646830530401035
15,773,37,15,0.01940491591203105
15,773,38,7,0.00905562742561449
15,773,39,15,0.01940491591203105
15,773,40,13,0.01681759379042691
15,773,41,13,0.01681759379042691
15,773,42,5,0.00646830530401035
15,773,43,10,0.0129366106080207
15,773,44,7,0.00905562742561449
15,773,45,13,0.01681759379042691
15,773,46,5,0.00646830530401035
15,773,48,13,0.01681759379042691
15,773,49,9,0.01164294954721863
15,773,50,6,0.00776196636481242
15,773,51,11,0.014230271668822769
15,773,52,8,0.01034928848641656
15,773,53,6,0.00776196636481242
15,773,54,6,0.00776196636481242
15,773,56,10,0.0129366106080207
15,773,57,10,0.0129366106080207
15,773,58,7,0.00905562742561449
15,773,59,12,0.01552393272962484
15,773,60,9,0.01164294954721863
15,773,61,9,0.01164294954721863
15,773,62,5,0.00646830530401035
15,773,63,11,0.014230271668822769
15,773,64,7,0.00905562742561449
15,773,65,8,0.01034928848641656
15,773,66,12,0.01552393272962484
15,773,67,7,0.00905562742561449
15,773,68,6,0.00776196636481242
15,773,69,7,0.00905562742561449
15,773,70,8,0.01034928848641656
15,773,71,10,0.0129366106080207
15,773,72,6,0.00776196636481242
15,773,73,9,0.01164294954721863
15,773,74,11,0.014230271668822769
15,773,75,13,0.01681759379042691
15,773,76,5,0.00646830530401035
15,773,79,8,0.01034928848641656
15,773,80,11,0.014230271668822769
15,773,81,8,0.01034928848641656
15,773,82,5,0.00646830530401035
15,773,83,10,0.0129366106080207
15,773,84,4,0.00517464424320828
15,773,85,11,0.014230271668822769
15,773,87,8,0.01034928848641656
15,773,88,6,0.00776196636481242
15,773,89,3,0.00388098318240621
15,773,90,11,0.014230271668822769
15,773,91,14,0.01811125485122898
15,773,92,9,0.01164294954721863
15,773,93,15,0.01940491591203105
15,773,94,8,0.01034928848641656
15,773,95,5,0.00646830530401035
15,773,104,10,0.0129366106080207
15,773,105,10,0.0129366106080207
15,773,106,8,0.01034928848641656
15,773,107,11,0.014230271668822769
15,773,108,2,0.00258732212160414
15,773,109,10,0.0129366106080207
15,773,110,12,0.01552393272962484
15,773,111,11,0.014230271668822769
16,773,0,6,0.00776196636481242
16,773,1,9,0.01164294954721863
16,773,2,8,0.01034928848641656
16,773,3,9,0.01164294954721863
16,773,4,9,0.01164294954721863
16,773,5,11,0.014230271668822769
16,773,6,10,0.0129366106080207
16,773,7,9,0.01164294954721863
16,773,10,7,0.00905562742561449
16,773,11,6,0.00776196636481242
16,773,12,8,0.01034928848641656
16,773,13,8,0.01034928848641656
16,773,15,10,0.0129366106080207
16,773,16,10,0.0129366106080207
16,773,17,5,0.00646830530401035
16,773,18,8,0.01034928848641656
16,773,19,11,0.014230271668822769
16,773,20,7,0.00905562742561449
16,773,24,12,0.01552393272962484
16,773,25,11,0.014230271668822769
16,773,26,9,0.01164294954721863
16,773,27,7,0.00905562742561449
16,773,28,10,0.0129366106080207
16,773,29,8,0.01034928848641656
16,773,30,6,0.00776196636481242
16,773,32,5,0.00646830530401035
16,773,33,8,0.01034928848641656
16,773,34,5,0.00646830530401035
16,773,35,8,0.01034928848641656
16,773,36,12,0.01552393272962484
16,773,37,9,0.01164294954721863
16,773,38,9,0.01164294954721863
16,773,39,6,0.00776196636481242
16,773,40,9,0.01164294954721863
16,773,41,13,0.01681759379042691
16,773,42,11,0.014230271668822769
16,773,43,8,0.01034928848641656
16,773,44,15,0.01940491591203105
16,773,45,2,0.00258732212160414
16,773,46,13,0.01681759379042691
16,773,48,10,0.0129366106080207
16,773,49,8,0.01034928848641656
16,773,50,7,0.00905562742561449
16,773,51,8,0.01034928848641656
16,773,52,10,0.0129366106080207
16,773,53,7,0.00905562742561449
16,773,54,6,0.00776196636481242
16,773,56,3,0.00388098318240621
16,773,57,9,0.01164294954721863
16,773,58,6,0.00776196636481242
16,773,59,7,0.00905562742561449
16,773,60,6,0.00776196636481242
16,773,61,9,0.01164294954721863
16,773,62,8,0.01034928848641656
16,773,63,5,0.00646830530401035
16,773,64,5,0.00646830530401035
16,773,65,10,0.0129366106080207
16,773,66,7,0.00905562742561449
16,773,67,7,0.00905562742561449
16,773,68,8,0.01034928848641656
16,773,69,9,0.01164294954721863
16,773,70,7,0.00905562742561449
16,773,71,9,0.01164294954721863
16,773,72,16,0.02069857697283312
16,773,73,10,0.0129366106080207
16,773,74,9,0.01164294954721863
16,773,75,4,0.00517464424320828
16,773,76,13,0.01681759379042691
16,773,79,10,0.0129366106080207
16,773,80,8,0.01034928848641656
16,773,81,11,0.014230271668822769
16,773,82,5,0.00646830530401035
16,773,83,13,0.01681759379042691
16,773,84,8,0.01034928848641656
16,773,85,8,0.01034928848641656
16,773,87,5,0.00646830530401035
16,773,88,7,0.00905562742561449
16,773,89,7,0.00905562742561449
16,773,90,10,0.0129366106080207
16,773,91,4,0.00517464424320828
16,773,92,12,0.01552393272962484
16,773,93,8,0.01034928848641656
16,773,94,4,0.00517464424320828
16,773,95,12,0.01552393272962484
16,773,104,6,0.00776196636481242
16,773,105,8,0.01034928848641656
16,773,106,9,0.01164294954721863
16,773,107,6,0.00776196636481242
16,773,108,12,0.01552393272962484
16,773,109,10,0.0129366106080207
16,773,110,11,0.014230271668822769
16,773,111,9,0.01164294954721863
17,772,0,6,0.007772020725388601
17,772,1,8,0.010362694300518135
17,772,2,14,0.018134715025906738
17,772,3,4,0.0051813471502590676
17,772,4,8,0.010362694300518135
17,772,5,7,0.009067357512953369
17,772,6,9,0.011658031088082901
17,772,7,4,0.0051813471502590676
17,772,10,7,0.009067357512953369
17,772,11,5,0.006476683937823835
17,772,12,6,0.007772020725388601
17,772,13,6,0.007772020725388601
17,772,15,12,0.015544041450777202
17,772,16,6,0.007772020725388601
17,772,17,8,0.010362694300518135
17,772,18,12,0.015544041450777202
17,772,19,1,0.0012953367875647669
17,772,20,10,0.01295336787564767
17,772,24,13,0.01683937823834197
17,772,25,13,0.01683937823834197
17,772,26,7,0.009067357512953369
17,772,27,12,0.015544041450777202
17,772,28,12,0.015544041450777202
17,772,29,9,0.011658031088082901
17,772,30,7,0.009067357512953369
17,772,32,6,0.007772020725388601
17,772,33,5,0.006476683937823835
17,772,34,4,0.0051813471502590676
17,772,35,8,0.010362694300518135
17,772,36,7,0.009067357512953369
17,772,37,8,0.010362694300518135
17,772,38,10,0.01295336787564767
17,772,39,6,0.007772020725388601
17,772,40,9,0.011658031088082901
17,772,41,7,0.009067357512953369
17,772,42,12,0.015544041450777202
17,772,43,9,0.011658031088082901
17,772,44,9,0.011658031088082901
17,772,45,8,0.010362694300518135
17,772,46,8,0.010362694300518135
17,772,48,7,0.009067357512953369
17,772,49,7,0.009067357512953369
17,772,50,6,0.007772020725388601
17,772,51,4,0.0051813471502590676
17,772,52,13,0.01683937823834197
17,772,53,15,0.019430051813471502
17,772,54,5,0.006476683937823835
17,772,56,9,0.011658031088082901
17,772,57,8,0.010362694300518135
17,772,58,14,0.018134715025906738
17,772,59,10,0.01295336787564767
17,772,60,12,0.015544041450777202
17,772,61,9,0.011658031088082901
17,772,62,6,0.007772020725388601
17,772,63,8,0.010362694300518135
17,772,64,7,0.009067357512953369
17,772,65,7,0.009067357512953369
17,772,66,6,0.007772020725388601
17,772,67,7,0.009067357512953369
17,772,68,6,0.007772020725388601
17,772,69,7,0.009067357512953369
17,772,70,8,0.010362694300518135
17,772,71,11,0.014248704663212436
17,772,72,8,0.010362694300518135
17,772,73,6,0.007772020725388601
17,772,74,6,0.007772020725388601
17,772,75,11,0.014248704663212436
17,772,76,9,0.011658031088082901
17,772,79,6,0.007772020725388601
17,772,80,7,0.009067357512953369
17,772,81,7,0.009067357512953369
17,772,82,9,0.011658031088082901
17,772,83,10,0.01295336787564767
17,772,84,9,0.011658031088082901
17,772,85,12,0.015544041450777202
17,772,87,9,0.011658031088082901
17,772,88,9,0.011658031088082901
17,772,89,11,0.014248704663212436
17,772,90,15,0.019430051813471502
17,772,91,9,0.011658031088082901
17,772,92,9,0.011658031088082901
17,772,93,8,0.010362694300518135
17,772,94,15,0.019430051813471502
17,772,95,10,0.01295336787564767
17,772,104,7,0.009067357512953369
17,772,105,7,0.009067357512953369
17,772,106,6,0.007772020725388601
17,772,107,8,0.010362694300518135
17,772,108,8,0.010362694300518135
17,772,109,11,0.014248704663212436
17,772,110,9,0.011658031088082901
17,772,111,7,0.009067357512953369
18,772,0,11,0.014248704663212436
18,772,1,8,0.010362694300518135
18,772,2,4,0.0051813471502590676
18,772,3,10,0.01295336787564767
18,772,4,7,0.009067357512953369
18,772,5,7,0.009067357512953369
18,772,6,11,0.014248704663212436
18,772,7,9,0.011658031088082901
18,772,10,11,0.014248704663212436
18,772,11,10,0.01295336787564767
18,772,12,8,0.010362694300518135
18,772,13,7,0.009067357512953369
18,772,15,8,0.010362694300518135
18,772,16,5,0.006476683937823835
18,772,17,7,0.009067357512953369
18,772,18,8,0.010362694300518135
18,772,19,5,0.006476683937823835
18,772,20,6,0.007772020725388601
18,772,24,9,0.011658031088082901
18,772,25,12,0.015544041450777202
18,772,26,8,0.010362694300518135
18,772,27,8,0.010362694300518135
18,772,28,9,0.011658031088082901
18,772,29,6,0.007772020725388601
18,772,30,5,0.006476683937823835
18,772,32,9,0.011658031088082901
18,772,33,12,0.015544041450777202
18,772,34,9,0.011658031088082901
18,772,35,7,0.009067357512953369
18,772,36,11,0.014248704663212436
18,772,37,7,0.009067357512953369
18,772,38,6,0.007772020725388601
18,772,39,9,0.011658031088082901
18,772,40,6,0.007772020725388601
18,772,41,6,0.007772020725388601
18,772,42,10,0.01295336787564767
18,772,43,3,0.0038860103626943004
18,772,44,9,0.011658031088082901
18,772,45,11,0.014248704663212436
18,772,46,7,0.009067357512953369
18,772,48,11,0.014248704663212436
18,772,49,4,0.0051813471502590676
18,772,50,8,0.010362694300518135
18,772,51,3,0.0038860103626943004
18,772,52,8,0.010362694300518135
18,772,53,12,0.015544041450777202
18,772,54,12,0.015544041450777202
18,772,56,9,0.011658031088082901
18,772,57,11,0.014248704663212436
18,772,58,5,0.006476683937823835
18,772,59,8,0.010362694300518135
18,772,60,11,0.014248704663212436
18,772,61,8,0.010362694300518135
18,772,62,10,0.01295336787564767
18,772,63,7,0.009067357512953369
18,772,64,6,0.007772020725388601
18,772,65,6,0.007772020725388601
18,772,66,6,0.007772020725388601
18,772,67,6,0.007772020725388601
18,772,68,9,0.011658031088082901
18,772,69,11,0.014248704663212436
18,772,70,7,0.009067357512953369
18,772,71,9,0.011658031088082901
18,772,72,6,0.007772020725388601
18,772,73,5,0.006476683937823835
18,772,74,8,0.010362694300518135
18,772,75,16,0.02072538860103627
18,772,76,11,0.014248704663212436
18,772,79,7,0.009067357512953369
18,772,80,12,0.015544041450777202
18,772,81,4,0.0051813471502590676
18,772,82,5,0.006476683937823835
18,772,83,10,0.01295336787564767
18,772,84,9,0.011658031088082901
18,772,85,12,0.015544041450777202
18,772,87,8,0.010362694300518135
18,772,88,11,0.014248704663212436
18,772,89,4,0.0051813471502590676
18,772,90,11,0.014248704663212436
18,772,91,12,0.015544041450777202
18,772,92,12,0.015544041450777202
18,772,93,6,0.007772020725388601
18,772,94,9,0.011658031088082901
18,772,95,10,0.01295336787564767
18,772,104,8,0.010362694300518135
18,772,105,8,0.010362694300518135
18,772,106,12,0.015544041450777202
18,772,107,8,0.010362694300518135
18,772,108,10,0.01295336787564767
18,772,109,6,0.007772020725388601
18,772,110,11,0.014248704663212436
18,772,111,13,0.01683937823834197
19,772,0,9,0.011658031088082901
19,772,1,3,0.0038860103626943004
19,772,2,9,0.011658031088082901
19,772,3,8,0.010362694300518135
19,772,4,11,0.014248704663212436
19,772,5,8,0.010362694300518135
19,772,6,5,0.006476683937823835
19,772,7,7,0.009067357512953369
19,772,10,7,0.009067357512953369
19,772,11,10,0.01295336787564767
19,772,12,13,0.01683937823834197
19,772,13,7,0.009067357512953369
19,772,15,3,0.0038860103626943004
19,772,16,4,0.0051813471502590676
19,772,17,6,0.007772020725388601
19,772,18,5,0.006476683937823835
19,772,19,9,0.011658031088082901
19,772,20,9,0.011658031088082901
19,772,24,7,0.009067357512953369
19,772,25,7,0.009067357512953369
19,772,26,8,0.010362694300518135
19,772,27,6,0.007772020725388601
19,772,28,4,0.0051813471502590676
19,772,29,10,0.01295336787564767
19,772,30,12,0.015544041450777202
19,772,32,12,0.015544041450777202
19,772,33,8,0.010362694300518135
19,772,34,9,0.011658031088082901
19,772,35,8,0.010362694300518135
19,772,36,5,0.006476683937823835
19,772,37,4,0.0051813471502590676
19,772,38,11,0.014248704663212436
19,772,39,13,0.01683937823834197
19,772,40,9,0.011658031088082901
19,772,41,11,0.014248704663212436
19,772,42,14,0.018134715025906738
19,772,43,9,0.011658031088082901
19,772,44,13,0.01683937823834197
19,772,45,7,0.009067357512953369
19,772,46,9,0.011658031088082901
19,772,48,5,0.006476683937823835
19,772,49,7,0.009067357512953369
19,772,50,10,0.01295336787564767
19,772,51,11,0.014248704663212436
19,772,52,8,0.010362694300518135
19,772,53,7,0.009067357512953369
19,772,54,13,0.01683937823834197
19,772,56,9,0.011658031088082901
19,772,57,12,0.015544041450777202
19,772,58,10,0.01295336787564767
19,772,59,5,0.006476683937823835
19,772,60,8,0.010362694300518135
19,772,61,10,0.01295336787564767
19,772,62,9,0.011658031088082901
19,772,63,10,0.01295336787564767
19,772,64,6,0.007772020725388601
19,772,65,4,0.0051813471502590676
19,772,66,10,0.01295336787564767
19,772,67,10,0.01295336787564767
19,772,68,2,0.0025906735751295338
19,772,69,9,0.011658031088082901
19,772,70,8,0.010362694300518135
19,772,71,7,0.009067357512953369
19,772,72,9,0.011658031088082901
19,772,73,5,0.006476683937823835
19,772,74,7,0.009067357512953369
19,772,75,7,0.009067357512953369
19,772,76,9,0.011658031088082901
19,772,79,7,0.009067357512953369
19,772,80,11,0.014248704663212436
19,772,81,8,0.010362694300518135
19,772,82,9,0.011658031088082901
19,772,83,11,0.014248704663212436
19,772,84,12,0.015544041450777202
19,772,85,7,0.009067357512953369
19,772,87,6,0.007772020725388601
19,772,88,8,0.010362694300518135
19,772,89,11,0.014248704663212436
19,772,90,9,0.011658031088082901
19,772,91,10,0.01295336787564767
19,772,92,5,0.006476683937823835
19,772,93,11,0.014248704663212436
19,772,94,12,0.015544041450777202
19,772,95,10,0.01295336787564767
19,772,104,10,0.01295336787564767
19,772,105,5,0.006476683937823835
19,772,106,11,0.014248704663212436
19,772,107,10,0.01295336787564767
19,772,108,9,0.011658031088082901
19,772,109,3,0.0038860103626943004
19,772,110,12,0.015544041450777202
19,772,111,9,0.011658031088082901
20,772,0,10,0.01295336787564767
20,772,1,3,0.0038860103626943004
20,772,2,12,0.015544041450777202
20,772,3,9,0.011658031088082901
20,772,4,8,0.010362694300518135
20,772,5,10,0.01295336787564767
20,772,6,9,0.011658031088082901
20,772,7,14,0.018134715025906738
20,772,10,6,0.007772020725388601
20,772,11,6,0.007772020725388601
20,772,12,8,0.010362694300518135
20,772,13,10,0.01295336787564767
20,772,15,9,0.011658031088082901
20,772,16,10,0.01295336787564767
20,772,17,6,0.007772020725388601
20,772,18,7,0.009067357512953369
20,772,19,8,0.010362694300518135
20,772,20,7,0.009067357512953369
20,772,24,8,0.010362694300518135
20,772,25,6,0.007772020725388601
20,772,26,12,0.015544041450777202
20,772,27,9,0.011658031088082901
20,772,28,5,0.006476683937823835
20,772,29,7,0.009067357512953369
20,772,30,9,0.011658031088082901
20,772,32,10,0.01295336787564767
20,772,33,13,0.01683937823834197
20,772,34,6,0.007772020725388601
20,772,35,8,0.010362694300518135
20,772,36,11,0.014248704663212436
20,772,37,8,0.010362694300518135
20,772,38,7,0.009067357512953369
20,772,39,4,0.0051813471502590676
20,772,40,8,0.010362694300518135
20,772,41,9,0.011658031088082901
20,772,42,8,0.010362694300518135
20,772,43,10,0.01295336787564767
20,772,44,8,0.010362694300518135
20,772,45,9,0.011658031088082901
20,772,46,8,0.010362694300518135
20,772,48,6,0.007772020725388601
20,772,49,9,0.011658031088082901
20,772,50,9,0.011658031088082901
20,772,51,13,0.01683937823834197
20,772,52,12,0.015544041450777202
20,772,53,6,0.007772020725388601
20,772,54,8,0.010362694300518135
20,772,56,7,0.009067357512953369
20,772,57,11,0.014248704663212436
20,772,58,7,0.009067357512953369
20,772,59,7,0.009067357512953369
20,772,60,9,0.011658031088082901
20,772,61,9,0.011658031088082901
20,772,62,11,0.014248704663212436
20,772,63,9,0.011658031088082901
20,772,64,5,0.006476683937823835
20,772,65,12,0.015544041450777202
20,772,66,11,0.014248704663212436
20,772,67,12,0.015544041450777202
20,772,68,8,0.010362694300518135
20,772,69,5,0.006476683937823835
20,772,70,4,0.0051813471502590676
20,772,71,6,0.007772020725388601
20,772,72,11,0.014248704663212436
20,772,73,7,0.009067357512953369
20,772,74,4,0.0051813471502590676
20,772,75,6,0.007772020725388601
20,772,76,8,0.010362694300518135
20,772,79,9,0.011658031088082901
20,772,80,6,0.007772020725388601
20,772,81,7,0.009067357512953369
20,772,82,15,0.019430051813471502
20,772,83,9,0.011658031088082901
20,772,84,10,0.01295336787564767
20,772,85,8,0.010362694300518135
20,772,87,10,0.01295336787564767
20,772,88,11,0.014248704663212436
20,772,89,9,0.011658031088082901
20,772,90,10,0.01295336787564767
20,772,91,8,0.010362694300518135
20,772,92,7,0.009067357512953369
20,772,93,8,0.010362694300518135
20,772,94,5,0.006476683937823835
20,772,95,7,0.009067357512953369
20,772,104,6,0.007772020725388601
20,772,105,9,0.011658031088082901
20,772,106,12,0.015544041450777202
20,772,107,10,0.01295336787564767
20,772,108,8,0.010362694300518135
20,772,109,9,0.011658031088082901
20,772,110,5,0.006476683937823835
20,772,111,7,0.009067357512953369
