fold,fold_count,inst,count,proportion
1,1767,AcousticBass,18,0.010186757215619695
1,1767,AcousticGrandPiano,10,0.005659309564233164
1,1767,AcousticGuitar(nylon),18,0.010186757215619695
1,1767,AcousticGuitar(steel),20,0.011318619128466328
1,1767,AltoSax,18,0.010186757215619695
1,1767,Bagpipe,24,0.013582342954159592
1,1767,Banjo,24,0.013582342954159592
1,1767,BaritoneSax,15,0.008488964346349746
1,1767,Bassoon,21,0.011884550084889645
1,1767,BlownBottle,19,0.010752688172043012
1,1767,BrassSection,21,0.011884550084889645
1,1767,BrightAcousticPiano,29,0.016411997736276177
1,1767,Cello,20,0.011318619128466328
1,1767,ChoirAahs,20,0.011318619128466328
1,1767,ChurchOrgan,17,0.009620826259196379
1,1767,Clarinet,18,0.010186757215619695
1,1767,Clavinet,12,0.006791171477079796
1,1767,Contrabass,13,0.007357102433503113
1,1767,DistortionGuitar,18,0.010186757215619695
1,1767,DrawbarOrgan,27,0.015280135823429542
1,1767,Dulcimer,21,0.011884550084889645
1,1767,ElectricBass(finger),22,0.012450481041312961
1,1767,ElectricBass(pick),31,0.01754385964912281
1,1767,ElectricGrandPiano,23,0.013016411997736278
1,1767,ElectricGuitar(clean),19,0.010752688172043012
1,1767,ElectricGuitar(jazz),12,0.006791171477079796
1,1767,ElectricGuitar(muted),16,0.009054895302773062
1,1767,ElectricPiano1,19,0.010752688172043012
1,1767,ElectricPiano2,25,0.014148273910582909
1,1767,EnglishHorn,20,0.011318619128466328
1,1767,Fiddle,34,0.019241652518392757
1,1767,Flute,23,0.013016411997736278
1,1767,FrenchHorn,16,0.009054895302773062
1,1767,FretlessBass,17,0.009620826259196379
1,1767,Harpsichord,26,0.014714204867006225
1,1767,Honky-tonkPiano,23,0.013016411997736278
1,1767,Kalimba,18,0.010186757215619695
1,1767,Koto,17,0.009620826259196379
1,1767,Lead1(square),22,0.012450481041312961
1,1767,Lead2(sawtooth),18,0.010186757215619695
1,1767,Lead3(calliope),22,0.012450481041312961
1,1767,Lead4(chiff),16,0.009054895302773062
1,1767,Lead5(charang),21,0.011884550084889645
1,1767,Lead6(voice),19,0.010752688172043012
1,1767,Lead8(bass+lead),15,0.008488964346349746
1,1767,Marimba,21,0.011884550084889645
1,1767,MusicBox,25,0.014148273910582909
1,1767,MutedTrumpet,24,0.013582342954159592
1,1767,Oboe,14,0.00792303338992643
1,1767,Ocarina,16,0.009054895302773062
1,1767,OrchestralHarp,21,0.011884550084889645
1,1767,OverdrivenGuitar,14,0.00792303338992643
1,1767,Pad1(newage),19,0.010752688172043012
1,1767,Pad2(warm),22,0.012450481041312961
1,1767,Pad3(polysynth),17,0.009620826259196379
1,1767,Pad4(choir),19,0.010752688172043012
1,1767,Pad5(bowed),14,0.00792303338992643
1,1767,Pad6(metallic),20,0.011318619128466328
1,1767,Pad7(halo),12,0.006791171477079796
1,1767,Pad8(sweep),15,0.008488964346349746
1,1767,PanFlute,23,0.013016411997736278
1,1767,PercussiveOrgan,22,0.012450481041312961
1,1767,Piccolo,22,0.012450481041312961
1,1767,PizzicatoStrings,16,0.009054895302773062
1,1767,Recorder,26,0.014714204867006225
1,1767,ReedOrgan,14,0.00792303338992643
1,1767,RockOrgan,16,0.009054895302773062
1,1767,Shamisen,13,0.007357102433503113
1,1767,Shanai,13,0.007357102433503113
1,1767,Sitar,12,0.006791171477079796
1,1767,SlapBass1,15,0.008488964346349746
1,1767,SlapBass2,14,0.00792303338992643
1,1767,SopranoSax,24,0.013582342954159592
1,1767,StringEnsemble1,22,0.012450481041312961
1,1767,StringEnsemble2,20,0.011318619128466328
1,1767,SynthBass1,14,0.00792303338992643
1,1767,SynthBass2,16,0.009054895302773062
1,1767,SynthBrass1,23,0.013016411997736278
1,1767,SynthBrass2,17,0.009620826259196379
1,1767,SynthStrings1,16,0.009054895302773062
1,1767,SynthStrings2,19,0.010752688172043012
1,1767,SynthVoice,23,0.013016411997736278
1,1767,TenorSax,17,0.009620826259196379
1,1767,TremoloStrings,20,0.011318619128466328
1,1767,Trombone,15,0.008488964346349746
1,1767,Trumpet,18,0.010186757215619695
1,1767,Tuba,18,0.010186757215619695
1,1767,Vibraphone,18,0.010186757215619695
1,1767,Viola,25,0.014148273910582909
1,1767,Violin,32,0.018109790605546124
1,1767,VoiceOohs,12,0.006791171477079796
1,1767,Xylophone,22,0.012450481041312961
2,1767,AcousticBass,14,0.00792303338992643
2,1767,AcousticGrandPiano,17,0.009620826259196379
2,1767,AcousticGuitar(nylon),15,0.008488964346349746
2,1767,AcousticGuitar(steel),19,0.010752688172043012
2,1767,AltoSax,20,0.011318619128466328
2,1767,Bagpipe,25,0.014148273910582909
2,1767,Banjo,14,0.00792303338992643
2,1767,BaritoneSax,21,0.011884550084889645
2,1767,Bassoon,20,0.011318619128466328
2,1767,BlownBottle,22,0.012450481041312961
2,1767,BrassSection,18,0.010186757215619695
2,1767,BrightAcousticPiano,21,0.011884550084889645
2,1767,Cello,21,0.011884550084889645
2,1767,ChoirAahs,16,0.009054895302773062
2,1767,ChurchOrgan,15,0.008488964346349746
2,1767,Clarinet,9,0.0050933786078098476
2,1767,Clavinet,17,0.009620826259196379
2,1767,Contrabass,22,0.012450481041312961
2,1767,DistortionGuitar,18,0.010186757215619695
2,1767,DrawbarOrgan,14,0.00792303338992643
2,1767,Dulcimer,18,0.010186757215619695
2,1767,ElectricBass(finger),19,0.010752688172043012
2,1767,ElectricBass(pick),14,0.00792303338992643
2,1767,ElectricGrandPiano,23,0.013016411997736278
2,1767,ElectricGuitar(clean),22,0.012450481041312961
2,1767,ElectricGuitar(jazz),22,0.012450481041312961
2,1767,ElectricGuitar(muted),19,0.010752688172043012
2,1767,ElectricPiano1,16,0.009054895302773062
2,1767,ElectricPiano2,12,0.006791171477079796
2,1767,EnglishHorn,26,0.014714204867006225
2,1767,Fiddle,23,0.013016411997736278
2,1767,Flute,23,0.013016411997736278
2,1767,FrenchHorn,31,0.01754385964912281
2,1767,FretlessBass,20,0.011318619128466328
2,1767,Harpsichord,23,0.013016411997736278
2,1767,Honky-tonkPiano,15,0.008488964346349746
2,1767,Kalimba,16,0.009054895302773062
2,1767,Koto,22,0.012450481041312961
2,1767,Lead1(square),21,0.011884550084889645
2,1767,Lead2(sawtooth),20,0.011318619128466328
2,1767,Lead3(calliope),19,0.010752688172043012
2,1767,Lead4(chiff),16,0.009054895302773062
2,1767,Lead5(charang),18,0.010186757215619695
2,1767,Lead6(voice),20,0.011318619128466328
2,1767,Lead8(bass+lead),18,0.010186757215619695
2,1767,Marimba,23,0.013016411997736278
2,1767,MusicBox,22,0.012450481041312961
2,1767,MutedTrumpet,19,0.010752688172043012
2,1767,Oboe,22,0.012450481041312961
2,1767,Ocarina,15,0.008488964346349746
2,1767,OrchestralHarp,22,0.012450481041312961
2,1767,OverdrivenGuitar,14,0.00792303338992643
2,1767,Pad1(newage),16,0.009054895302773062
2,1767,Pad2(warm),19,0.010752688172043012
2,1767,Pad3(polysynth),21,0.011884550084889645
2,1767,Pad4(choir),19,0.010752688172043012
2,1767,Pad5(bowed),14,0.00792303338992643
2,1767,Pad6(metallic),19,0.010752688172043012
2,1767,Pad7(halo),22,0.012450481041312961
2,1767,Pad8(sweep),18,0.010186757215619695
2,1767,PanFlute,24,0.013582342954159592
2,1767,PercussiveOrgan,17,0.009620826259196379
2,1767,Piccolo,18,0.010186757215619695
2,1767,PizzicatoStrings,22,0.012450481041312961
2,1767,Recorder,20,0.011318619128466328
2,1767,ReedOrgan,22,0.012450481041312961
2,1767,RockOrgan,21,0.011884550084889645
2,1767,Shamisen,23,0.013016411997736278
2,1767,Shanai,24,0.013582342954159592
2,1767,Sitar,16,0.009054895302773062
2,1767,SlapBass1,19,0.010752688172043012
2,1767,SlapBass2,14,0.00792303338992643
2,1767,SopranoSax,18,0.010186757215619695
2,1767,StringEnsemble1,23,0.013016411997736278
2,1767,StringEnsemble2,17,0.009620826259196379
2,1767,SynthBass1,22,0.012450481041312961
2,1767,SynthBass2,20,0.011318619128466328
2,1767,SynthBrass1,23,0.013016411997736278
2,1767,SynthBrass2,16,0.009054895302773062
2,1767,SynthStrings1,20,0.011318619128466328
2,1767,SynthStrings2,18,0.010186757215619695
2,1767,SynthVoice,16,0.009054895302773062
2,1767,TenorSax,19,0.010752688172043012
2,1767,TremoloStrings,16,0.009054895302773062
2,1767,Trombone,30,0.01697792869269949
2,1767,Trumpet,17,0.009620826259196379
2,1767,Tuba,18,0.010186757215619695
2,1767,Vibraphone,22,0.012450481041312961
2,1767,Viola,17,0.009620826259196379
2,1767,Violin,24,0.013582342954159592
2,1767,VoiceOohs,20,0.011318619128466328
2,1767,Xylophone,12,0.006791171477079796
3,1767,AcousticBass,23,0.013016411997736278
3,1767,AcousticGrandPiano,13,0.007357102433503113
3,1767,AcousticGuitar(nylon),11,0.0062252405206564805
3,1767,AcousticGuitar(steel),14,0.00792303338992643
3,1767,AltoSax,24,0.013582342954159592
3,1767,Bagpipe,10,0.005659309564233164
3,1767,Banjo,20,0.011318619128466328
3,1767,BaritoneSax,22,0.012450481041312961
3,1767,Bassoon,20,0.011318619128466328
3,1767,BlownBottle,13,0.007357102433503113
3,1767,BrassSection,21,0.011884550084889645
3,1767,BrightAcousticPiano,11,0.0062252405206564805
3,1767,Cello,19,0.010752688172043012
3,1767,ChoirAahs,22,0.012450481041312961
3,1767,ChurchOrgan,28,0.01584606677985286
3,1767,Clarinet,23,0.013016411997736278
3,1767,Clavinet,20,0.011318619128466328
3,1767,Contrabass,17,0.009620826259196379
3,1767,DistortionGuitar,14,0.00792303338992643
3,1767,DrawbarOrgan,19,0.010752688172043012
3,1767,Dulcimer,25,0.014148273910582909
3,1767,ElectricBass(finger),21,0.011884550084889645
3,1767,ElectricBass(pick),21,0.011884550084889645
3,1767,ElectricGrandPiano,14,0.00792303338992643
3,1767,ElectricGuitar(clean),20,0.011318619128466328
3,1767,ElectricGuitar(jazz),18,0.010186757215619695
3,1767,ElectricGuitar(muted),22,0.012450481041312961
3,1767,ElectricPiano1,16,0.009054895302773062
3,1767,ElectricPiano2,17,0.009620826259196379
3,1767,EnglishHorn,15,0.008488964346349746
3,1767,Fiddle,18,0.010186757215619695
3,1767,Flute,19,0.010752688172043012
3,1767,FrenchHorn,24,0.013582342954159592
3,1767,FretlessBass,26,0.014714204867006225
3,1767,Harpsichord,20,0.011318619128466328
3,1767,Honky-tonkPiano,19,0.010752688172043012
3,1767,Kalimba,26,0.014714204867006225
3,1767,Koto,20,0.011318619128466328
3,1767,Lead1(square),27,0.015280135823429542
3,1767,Lead2(sawtooth),18,0.010186757215619695
3,1767,Lead3(calliope),19,0.010752688172043012
3,1767,Lead4(chiff),22,0.012450481041312961
3,1767,Lead5(charang),20,0.011318619128466328
3,1767,Lead6(voice),25,0.014148273910582909
3,1767,Lead8(bass+lead),18,0.010186757215619695
3,1767,Marimba,17,0.009620826259196379
3,1767,MusicBox,17,0.009620826259196379
3,1767,MutedTrumpet,12,0.006791171477079796
3,1767,Oboe,26,0.014714204867006225
3,1767,Ocarina,17,0.009620826259196379
3,1767,OrchestralHarp,17,0.009620826259196379
3,1767,OverdrivenGuitar,22,0.012450481041312961
3,1767,Pad1(newage),15,0.008488964346349746
3,1767,Pad2(warm),23,0.013016411997736278
3,1767,Pad3(polysynth),19,0.010752688172043012
3,1767,Pad4(choir),28,0.01584606677985286
3,1767,Pad5(bowed),18,0.010186757215619695
3,1767,Pad6(metallic),14,0.00792303338992643
3,1767,Pad7(halo),15,0.008488964346349746
3,1767,Pad8(sweep),17,0.009620826259196379
3,1767,PanFlute,16,0.009054895302773062
3,1767,PercussiveOrgan,23,0.013016411997736278
3,1767,Piccolo,19,0.010752688172043012
3,1767,PizzicatoStrings,16,0.009054895302773062
3,1767,Recorder,20,0.011318619128466328
3,1767,ReedOrgan,19,0.010752688172043012
3,1767,RockOrgan,20,0.011318619128466328
3,1767,Shamisen,17,0.009620826259196379
3,1767,Shanai,17,0.009620826259196379
3,1767,Sitar,28,0.01584606677985286
3,1767,SlapBass1,17,0.009620826259196379
3,1767,SlapBass2,16,0.009054895302773062
3,1767,SopranoSax,19,0.010752688172043012
3,1767,StringEnsemble1,22,0.012450481041312961
3,1767,StringEnsemble2,20,0.011318619128466328
3,1767,SynthBass1,18,0.010186757215619695
3,1767,SynthBass2,15,0.008488964346349746
3,1767,SynthBrass1,30,0.01697792869269949
3,1767,SynthBrass2,21,0.011884550084889645
3,1767,SynthStrings1,20,0.011318619128466328
3,1767,SynthStrings2,12,0.006791171477079796
3,1767,SynthVoice,20,0.011318619128466328
3,1767,TenorSax,18,0.010186757215619695
3,1767,TremoloStrings,20,0.011318619128466328
3,1767,Trombone,16,0.009054895302773062
3,1767,Trumpet,14,0.00792303338992643
3,1767,Tuba,23,0.013016411997736278
3,1767,Vibraphone,17,0.009620826259196379
3,1767,Viola,34,0.019241652518392757
3,1767,Violin,16,0.009054895302773062
3,1767,VoiceOohs,20,0.011318619128466328
3,1767,Xylophone,13,0.007357102433503113
4,1767,AcousticBass,14,0.00792303338992643
4,1767,AcousticGrandPiano,21,0.011884550084889645
4,1767,AcousticGuitar(nylon),23,0.013016411997736278
4,1767,AcousticGuitar(steel),12,0.006791171477079796
4,1767,AltoSax,15,0.008488964346349746
4,1767,Bagpipe,16,0.009054895302773062
4,1767,Banjo,18,0.010186757215619695
4,1767,BaritoneSax,16,0.009054895302773062
4,1767,Bassoon,18,0.010186757215619695
4,1767,BlownBottle,11,0.0062252405206564805
4,1767,BrassSection,14,0.00792303338992643
4,1767,BrightAcousticPiano,14,0.00792303338992643
4,1767,Cello,25,0.014148273910582909
4,1767,ChoirAahs,14,0.00792303338992643
4,1767,ChurchOrgan,17,0.009620826259196379
4,1767,Clarinet,22,0.012450481041312961
4,1767,Clavinet,19,0.010752688172043012
4,1767,Contrabass,8,0.004527447651386531
4,1767,DistortionGuitar,25,0.014148273910582909
4,1767,DrawbarOrgan,21,0.011884550084889645
4,1767,Dulcimer,15,0.008488964346349746
4,1767,ElectricBass(finger),16,0.009054895302773062
4,1767,ElectricBass(pick),15,0.008488964346349746
4,1767,ElectricGrandPiano,17,0.009620826259196379
4,1767,ElectricGuitar(clean),19,0.010752688172043012
4,1767,ElectricGuitar(jazz),28,0.01584606677985286
4,1767,ElectricGuitar(muted),20,0.011318619128466328
4,1767,ElectricPiano1,12,0.006791171477079796
4,1767,ElectricPiano2,24,0.013582342954159592
4,1767,EnglishHorn,19,0.010752688172043012
4,1767,Fiddle,18,0.010186757215619695
4,1767,Flute,15,0.008488964346349746
4,1767,FrenchHorn,21,0.011884550084889645
4,1767,FretlessBass,18,0.010186757215619695
4,1767,Harpsichord,22,0.012450481041312961
4,1767,Honky-tonkPiano,19,0.010752688172043012
4,1767,Kalimba,25,0.014148273910582909
4,1767,Koto,22,0.012450481041312961
4,1767,Lead1(square),19,0.010752688172043012
4,1767,Lead2(sawtooth),17,0.009620826259196379
4,1767,Lead3(calliope),22,0.012450481041312961
4,1767,Lead4(chiff),12,0.006791171477079796
4,1767,Lead5(charang),18,0.010186757215619695
4,1767,Lead6(voice),18,0.010186757215619695
4,1767,Lead8(bass+lead),24,0.013582342954159592
4,1767,Marimba,19,0.010752688172043012
4,1767,MusicBox,18,0.010186757215619695
4,1767,MutedTrumpet,19,0.010752688172043012
4,1767,Oboe,19,0.010752688172043012
4,1767,Ocarina,22,0.012450481041312961
4,1767,OrchestralHarp,25,0.014148273910582909
4,1767,OverdrivenGuitar,18,0.010186757215619695
4,1767,Pad1(newage),21,0.011884550084889645
4,1767,Pad2(warm),22,0.012450481041312961
4,1767,Pad3(polysynth),11,0.0062252405206564805
4,1767,Pad4(choir),18,0.010186757215619695
4,1767,Pad5(bowed),19,0.010752688172043012
4,1767,Pad6(metallic),21,0.011884550084889645
4,1767,Pad7(halo),18,0.010186757215619695
4,1767,Pad8(sweep),24,0.013582342954159592
4,1767,PanFlute,28,0.01584606677985286
4,1767,PercussiveOrgan,21,0.011884550084889645
4,1767,Piccolo,22,0.012450481041312961
4,1767,PizzicatoStrings,22,0.012450481041312961
4,1767,Recorder,17,0.009620826259196379
4,1767,ReedOrgan,18,0.010186757215619695
4,1767,RockOrgan,20,0.011318619128466328
4,1767,Shamisen,20,0.011318619128466328
4,1767,Shanai,20,0.011318619128466328
4,1767,Sitar,18,0.010186757215619695
4,1767,SlapBass1,20,0.011318619128466328
4,1767,SlapBass2,28,0.01584606677985286
4,1767,SopranoSax,24,0.013582342954159592
4,1767,StringEnsemble1,21,0.011884550084889645
4,1767,StringEnsemble2,14,0.00792303338992643
4,1767,SynthBass1,20,0.011318619128466328
4,1767,SynthBass2,24,0.013582342954159592
4,1767,SynthBrass1,18,0.010186757215619695
4,1767,SynthBrass2,26,0.014714204867006225
4,1767,SynthStrings1,20,0.011318619128466328
4,1767,SynthStrings2,24,0.013582342954159592
4,1767,SynthVoice,19,0.010752688172043012
4,1767,TenorSax,26,0.014714204867006225
4,1767,TremoloStrings,13,0.007357102433503113
4,1767,Trombone,27,0.015280135823429542
4,1767,Trumpet,16,0.009054895302773062
4,1767,Tuba,11,0.0062252405206564805
4,1767,Vibraphone,20,0.011318619128466328
4,1767,Viola,26,0.014714204867006225
4,1767,Violin,20,0.011318619128466328
4,1767,VoiceOohs,13,0.007357102433503113
4,1767,Xylophone,19,0.010752688172043012
5,1767,AcousticBass,26,0.014714204867006225
5,1767,AcousticGrandPiano,14,0.00792303338992643
5,1767,AcousticGuitar(nylon),22,0.012450481041312961
5,1767,AcousticGuitar(steel),21,0.011884550084889645
5,1767,AltoSax,23,0.013016411997736278
5,1767,Bagpipe,14,0.00792303338992643
5,1767,Banjo,24,0.013582342954159592
5,1767,BaritoneSax,23,0.013016411997736278
5,1767,Bassoon,17,0.009620826259196379
5,1767,BlownBottle,26,0.014714204867006225
5,1767,BrassSection,16,0.009054895302773062
5,1767,BrightAcousticPiano,19,0.010752688172043012
5,1767,Cello,13,0.007357102433503113
5,1767,ChoirAahs,16,0.009054895302773062
5,1767,ChurchOrgan,18,0.010186757215619695
5,1767,Clarinet,18,0.010186757215619695
5,1767,Clavinet,27,0.015280135823429542
5,1767,Contrabass,22,0.012450481041312961
5,1767,DistortionGuitar,19,0.010752688172043012
5,1767,DrawbarOrgan,24,0.013582342954159592
5,1767,Dulcimer,17,0.009620826259196379
5,1767,ElectricBass(finger),20,0.011318619128466328
5,1767,ElectricBass(pick),20,0.011318619128466328
5,1767,ElectricGrandPiano,16,0.009054895302773062
5,1767,ElectricGuitar(clean),15,0.008488964346349746
5,1767,ElectricGuitar(jazz),16,0.009054895302773062
5,1767,ElectricGuitar(muted),19,0.010752688172043012
5,1767,ElectricPiano1,20,0.011318619128466328
5,1767,ElectricPiano2,19,0.010752688172043012
5,1767,EnglishHorn,15,0.008488964346349746
5,1767,Fiddle,20,0.011318619128466328
5,1767,Flute,26,0.014714204867006225
5,1767,FrenchHorn,26,0.014714204867006225
5,1767,FretlessBass,22,0.012450481041312961
5,1767,Harpsichord,20,0.011318619128466328
5,1767,Honky-tonkPiano,24,0.013582342954159592
5,1767,Kalimba,18,0.010186757215619695
5,1767,Koto,9,0.0050933786078098476
5,1767,Lead1(square),16,0.009054895302773062
5,1767,Lead2(sawtooth),15,0.008488964346349746
5,1767,Lead3(calliope),23,0.013016411997736278
5,1767,Lead4(chiff),17,0.009620826259196379
5,1767,Lead5(charang),12,0.006791171477079796
5,1767,Lead6(voice),22,0.012450481041312961
5,1767,Lead8(bass+lead),18,0.010186757215619695
5,1767,Marimba,29,0.016411997736276177
5,1767,MusicBox,19,0.010752688172043012
5,1767,MutedTrumpet,22,0.012450481041312961
5,1767,Oboe,13,0.007357102433503113
5,1767,Ocarina,17,0.009620826259196379
5,1767,OrchestralHarp,16,0.009054895302773062
5,1767,OverdrivenGuitar,19,0.010752688172043012
5,1767,Pad1(newage),22,0.012450481041312961
5,1767,Pad2(warm),19,0.010752688172043012
5,1767,Pad3(polysynth),18,0.010186757215619695
5,1767,Pad4(choir),14,0.00792303338992643
5,1767,Pad5(bowed),22,0.012450481041312961
5,1767,Pad6(metallic),29,0.016411997736276177
5,1767,Pad7(halo),25,0.014148273910582909
5,1767,Pad8(sweep),18,0.010186757215619695
5,1767,PanFlute,16,0.009054895302773062
5,1767,PercussiveOrgan,19,0.010752688172043012
5,1767,Piccolo,17,0.009620826259196379
5,1767,PizzicatoStrings,18,0.010186757215619695
5,1767,Recorder,12,0.006791171477079796
5,1767,ReedOrgan,21,0.011884550084889645
5,1767,RockOrgan,14,0.00792303338992643
5,1767,Shamisen,18,0.010186757215619695
5,1767,Shanai,16,0.009054895302773062
5,1767,Sitar,26,0.014714204867006225
5,1767,SlapBass1,23,0.013016411997736278
5,1767,SlapBass2,17,0.009620826259196379
5,1767,SopranoSax,18,0.010186757215619695
5,1767,StringEnsemble1,24,0.013582342954159592
5,1767,StringEnsemble2,14,0.00792303338992643
5,1767,SynthBass1,24,0.013582342954159592
5,1767,SynthBass2,21,0.011884550084889645
5,1767,SynthBrass1,18,0.010186757215619695
5,1767,SynthBrass2,24,0.013582342954159592
5,1767,SynthStrings1,22,0.012450481041312961
5,1767,SynthStrings2,20,0.011318619128466328
5,1767,SynthVoice,19,0.010752688172043012
5,1767,TenorSax,14,0.00792303338992643
5,1767,TremoloStrings,18,0.010186757215619695
5,1767,Trombone,18,0.010186757215619695
5,1767,Trumpet,24,0.013582342954159592
5,1767,Tuba,22,0.012450481041312961
5,1767,Vibraphone,19,0.010752688172043012
5,1767,Viola,11,0.0062252405206564805
5,1767,Violin,16,0.009054895302773062
5,1767,VoiceOohs,13,0.007357102433503113
5,1767,Xylophone,22,0.012450481041312961
6,1767,AcousticBass,27,0.015280135823429542
6,1767,AcousticGrandPiano,20,0.011318619128466328
6,1767,AcousticGuitar(nylon),19,0.010752688172043012
6,1767,AcousticGuitar(steel),14,0.00792303338992643
6,1767,AltoSax,20,0.011318619128466328
6,1767,Bagpipe,27,0.015280135823429542
6,1767,Banjo,15,0.008488964346349746
6,1767,BaritoneSax,19,0.010752688172043012
6,1767,Bassoon,25,0.014148273910582909
6,1767,BlownBottle,18,0.010186757215619695
6,1767,BrassSection,18,0.010186757215619695
6,1767,BrightAcousticPiano,34,0.019241652518392757
6,1767,Cello,19,0.010752688172043012
6,1767,ChoirAahs,19,0.010752688172043012
6,1767,ChurchOrgan,22,0.012450481041312961
6,1767,Clarinet,20,0.011318619128466328
6,1767,Clavinet,17,0.009620826259196379
6,1767,Contrabass,13,0.007357102433503113
6,1767,DistortionGuitar,21,0.011884550084889645
6,1767,DrawbarOrgan,18,0.010186757215619695
6,1767,Dulcimer,25,0.014148273910582909
6,1767,ElectricBass(finger),24,0.013582342954159592
6,1767,ElectricBass(pick),22,0.012450481041312961
6,1767,ElectricGrandPiano,17,0.009620826259196379
6,1767,ElectricGuitar(clean),17,0.009620826259196379
6,1767,ElectricGuitar(jazz),23,0.013016411997736278
6,1767,ElectricGuitar(muted),16,0.009054895302773062
6,1767,ElectricPiano1,21,0.011884550084889645
6,1767,ElectricPiano2,15,0.008488964346349746
6,1767,EnglishHorn,24,0.013582342954159592
6,1767,Fiddle,20,0.011318619128466328
6,1767,Flute,23,0.013016411997736278
6,1767,FrenchHorn,24,0.013582342954159592
6,1767,FretlessBass,21,0.011884550084889645
6,1767,Harpsichord,10,0.005659309564233164
6,1767,Honky-tonkPiano,14,0.00792303338992643
6,1767,Kalimba,14,0.00792303338992643
6,1767,Koto,29,0.016411997736276177
6,1767,Lead1(square),16,0.009054895302773062
6,1767,Lead2(sawtooth),19,0.010752688172043012
6,1767,Lead3(calliope),17,0.009620826259196379
6,1767,Lead4(chiff),16,0.009054895302773062
6,1767,Lead5(charang),12,0.006791171477079796
6,1767,Lead6(voice),26,0.014714204867006225
6,1767,Lead8(bass+lead),21,0.011884550084889645
6,1767,Marimba,18,0.010186757215619695
6,1767,MusicBox,16,0.009054895302773062
6,1767,MutedTrumpet,24,0.013582342954159592
6,1767,Oboe,22,0.012450481041312961
6,1767,Ocarina,20,0.011318619128466328
6,1767,OrchestralHarp,10,0.005659309564233164
6,1767,OverdrivenGuitar,24,0.013582342954159592
6,1767,Pad1(newage),25,0.014148273910582909
6,1767,Pad2(warm),9,0.0050933786078098476
6,1767,Pad3(polysynth),18,0.010186757215619695
6,1767,Pad4(choir),12,0.006791171477079796
6,1767,Pad5(bowed),27,0.015280135823429542
6,1767,Pad6(metallic),18,0.010186757215619695
6,1767,Pad7(halo),16,0.009054895302773062
6,1767,Pad8(sweep),23,0.013016411997736278
6,1767,PanFlute,17,0.009620826259196379
6,1767,PercussiveOrgan,20,0.011318619128466328
6,1767,Piccolo,20,0.011318619128466328
6,1767,PizzicatoStrings,25,0.014148273910582909
6,1767,Recorder,23,0.013016411997736278
6,1767,ReedOrgan,15,0.008488964346349746
6,1767,RockOrgan,20,0.011318619128466328
6,1767,Shamisen,18,0.010186757215619695
6,1767,Shanai,13,0.007357102433503113
6,1767,Sitar,20,0.011318619128466328
6,1767,SlapBass1,14,0.00792303338992643
6,1767,SlapBass2,14,0.00792303338992643
6,1767,SopranoSax,19,0.010752688172043012
6,1767,StringEnsemble1,20,0.011318619128466328
6,1767,StringEnsemble2,22,0.012450481041312961
6,1767,SynthBass1,15,0.008488964346349746
6,1767,SynthBass2,18,0.010186757215619695
6,1767,SynthBrass1,23,0.013016411997736278
6,1767,SynthBrass2,21,0.011884550084889645
6,1767,SynthStrings1,17,0.009620826259196379
6,1767,SynthStrings2,18,0.010186757215619695
6,1767,SynthVoice,21,0.011884550084889645
6,1767,TenorSax,16,0.009054895302773062
6,1767,TremoloStrings,17,0.009620826259196379
6,1767,Trombone,12,0.006791171477079796
6,1767,Trumpet,25,0.014148273910582909
6,1767,Tuba,15,0.008488964346349746
6,1767,Vibraphone,25,0.014148273910582909
6,1767,Viola,15,0.008488964346349746
6,1767,Violin,21,0.011884550084889645
6,1767,VoiceOohs,17,0.009620826259196379
6,1767,Xylophone,18,0.010186757215619695
7,1767,AcousticBass,24,0.013582342954159592
7,1767,AcousticGrandPiano,16,0.009054895302773062
7,1767,AcousticGuitar(nylon),19,0.010752688172043012
7,1767,AcousticGuitar(steel),13,0.007357102433503113
7,1767,AltoSax,21,0.011884550084889645
7,1767,Bagpipe,21,0.011884550084889645
7,1767,Banjo,20,0.011318619128466328
7,1767,BaritoneSax,24,0.013582342954159592
7,1767,Bassoon,24,0.013582342954159592
7,1767,BlownBottle,19,0.010752688172043012
7,1767,BrassSection,19,0.010752688172043012
7,1767,BrightAcousticPiano,15,0.008488964346349746
7,1767,Cello,31,0.01754385964912281
7,1767,ChoirAahs,19,0.010752688172043012
7,1767,ChurchOrgan,25,0.014148273910582909
7,1767,Clarinet,22,0.012450481041312961
7,1767,Clavinet,15,0.008488964346349746
7,1767,Contrabass,15,0.008488964346349746
7,1767,DistortionGuitar,20,0.011318619128466328
7,1767,DrawbarOrgan,16,0.009054895302773062
7,1767,Dulcimer,16,0.009054895302773062
7,1767,ElectricBass(finger),16,0.009054895302773062
7,1767,ElectricBass(pick),18,0.010186757215619695
7,1767,ElectricGrandPiano,23,0.013016411997736278
7,1767,ElectricGuitar(clean),24,0.013582342954159592
7,1767,ElectricGuitar(jazz),21,0.011884550084889645
7,1767,ElectricGuitar(muted),14,0.00792303338992643
7,1767,ElectricPiano1,22,0.012450481041312961
7,1767,ElectricPiano2,29,0.016411997736276177
7,1767,EnglishHorn,14,0.00792303338992643
7,1767,Fiddle,17,0.009620826259196379
7,1767,Flute,17,0.009620826259196379
7,1767,FrenchHorn,12,0.006791171477079796
7,1767,FretlessBass,16,0.009054895302773062
7,1767,Harpsichord,19,0.010752688172043012
7,1767,Honky-tonkPiano,19,0.010752688172043012
7,1767,Kalimba,20,0.011318619128466328
7,1767,Koto,15,0.008488964346349746
7,1767,Lead1(square),21,0.011884550084889645
7,1767,Lead2(sawtooth),19,0.010752688172043012
7,1767,Lead3(calliope),18,0.010186757215619695
7,1767,Lead4(chiff),24,0.013582342954159592
7,1767,Lead5(charang),25,0.014148273910582909
7,1767,Lead6(voice),26,0.014714204867006225
7,1767,Lead8(bass+lead),14,0.00792303338992643
7,1767,Marimba,23,0.013016411997736278
7,1767,MusicBox,18,0.010186757215619695
7,1767,MutedTrumpet,20,0.011318619128466328
7,1767,Oboe,14,0.00792303338992643
7,1767,Ocarina,16,0.009054895302773062
7,1767,OrchestralHarp,19,0.010752688172043012
7,1767,OverdrivenGuitar,22,0.012450481041312961
7,1767,Pad1(newage),16,0.009054895302773062
7,1767,Pad2(warm),22,0.012450481041312961
7,1767,Pad3(polysynth),17,0.009620826259196379
7,1767,Pad4(choir),16,0.009054895302773062
7,1767,Pad5(bowed),26,0.014714204867006225
7,1767,Pad6(metallic),14,0.00792303338992643
7,1767,Pad7(halo),17,0.009620826259196379
7,1767,Pad8(sweep),24,0.013582342954159592
7,1767,PanFlute,18,0.010186757215619695
7,1767,PercussiveOrgan,24,0.013582342954159592
7,1767,Piccolo,21,0.011884550084889645
7,1767,PizzicatoStrings,18,0.010186757215619695
7,1767,Recorder,13,0.007357102433503113
7,1767,ReedOrgan,18,0.010186757215619695
7,1767,RockOrgan,15,0.008488964346349746
7,1767,Shamisen,23,0.013016411997736278
7,1767,Shanai,16,0.009054895302773062
7,1767,Sitar,18,0.010186757215619695
7,1767,SlapBass1,14,0.00792303338992643
7,1767,SlapBass2,21,0.011884550084889645
7,1767,SopranoSax,22,0.012450481041312961
7,1767,StringEnsemble1,23,0.013016411997736278
7,1767,StringEnsemble2,20,0.011318619128466328
7,1767,SynthBass1,19,0.010752688172043012
7,1767,SynthBass2,13,0.007357102433503113
7,1767,SynthBrass1,23,0.013016411997736278
7,1767,SynthBrass2,13,0.007357102433503113
7,1767,SynthStrings1,20,0.011318619128466328
7,1767,SynthStrings2,20,0.011318619128466328
7,1767,SynthVoice,16,0.009054895302773062
7,1767,TenorSax,19,0.010752688172043012
7,1767,TremoloStrings,21,0.011884550084889645
7,1767,Trombone,23,0.013016411997736278
7,1767,Trumpet,20,0.011318619128466328
7,1767,Tuba,13,0.007357102433503113
7,1767,Vibraphone,19,0.010752688172043012
7,1767,Viola,7,0.003961516694963215
7,1767,Violin,29,0.016411997736276177
7,1767,VoiceOohs,27,0.015280135823429542
7,1767,Xylophone,20,0.011318619128466328
8,1767,AcousticBass,21,0.011884550084889645
8,1767,AcousticGrandPiano,21,0.011884550084889645
8,1767,AcousticGuitar(nylon),32,0.018109790605546124
8,1767,AcousticGuitar(steel),18,0.010186757215619695
8,1767,AltoSax,13,0.007357102433503113
8,1767,Bagpipe,16,0.009054895302773062
8,1767,Banjo,24,0.013582342954159592
8,1767,BaritoneSax,18,0.010186757215619695
8,1767,Bassoon,26,0.014714204867006225
8,1767,BlownBottle,25,0.014148273910582909
8,1767,BrassSection,21,0.011884550084889645
8,1767,BrightAcousticPiano,17,0.009620826259196379
8,1767,Cello,23,0.013016411997736278
8,1767,ChoirAahs,25,0.014148273910582909
8,1767,ChurchOrgan,19,0.010752688172043012
8,1767,Clarinet,21,0.011884550084889645
8,1767,Clavinet,17,0.009620826259196379
8,1767,Contrabass,24,0.013582342954159592
8,1767,DistortionGuitar,20,0.011318619128466328
8,1767,DrawbarOrgan,16,0.009054895302773062
8,1767,Dulcimer,15,0.008488964346349746
8,1767,ElectricBass(finger),21,0.011884550084889645
8,1767,ElectricBass(pick),24,0.013582342954159592
8,1767,ElectricGrandPiano,25,0.014148273910582909
8,1767,ElectricGuitar(clean),16,0.009054895302773062
8,1767,ElectricGuitar(jazz),20,0.011318619128466328
8,1767,ElectricGuitar(muted),17,0.009620826259196379
8,1767,ElectricPiano1,25,0.014148273910582909
8,1767,ElectricPiano2,13,0.007357102433503113
8,1767,EnglishHorn,18,0.010186757215619695
8,1767,Fiddle,16,0.009054895302773062
8,1767,Flute,28,0.01584606677985286
8,1767,FrenchHorn,17,0.009620826259196379
8,1767,FretlessBass,19,0.010752688172043012
8,1767,Harpsichord,10,0.005659309564233164
8,1767,Honky-tonkPiano,16,0.009054895302773062
8,1767,Kalimba,21,0.011884550084889645
8,1767,Koto,18,0.010186757215619695
8,1767,Lead1(square),13,0.007357102433503113
8,1767,Lead2(sawtooth),18,0.010186757215619695
8,1767,Lead3(calliope),9,0.0050933786078098476
8,1767,Lead4(chiff),20,0.011318619128466328
8,1767,Lead5(charang),20,0.011318619128466328
8,1767,Lead6(voice),16,0.009054895302773062
8,1767,Lead8(bass+lead),27,0.015280135823429542
8,1767,Marimba,20,0.011318619128466328
8,1767,MusicBox,13,0.007357102433503113
8,1767,MutedTrumpet,18,0.010186757215619695
8,1767,Oboe,23,0.013016411997736278
8,1767,Ocarina,15,0.008488964346349746
8,1767,OrchestralHarp,17,0.009620826259196379
8,1767,OverdrivenGuitar,23,0.013016411997736278
8,1767,Pad1(newage),12,0.006791171477079796
8,1767,Pad2(warm),19,0.010752688172043012
8,1767,Pad3(polysynth),28,0.01584606677985286
8,1767,Pad4(choir),20,0.011318619128466328
8,1767,Pad5(bowed),10,0.005659309564233164
8,1767,Pad6(metallic),19,0.010752688172043012
8,1767,Pad7(halo),22,0.012450481041312961
8,1767,Pad8(sweep),18,0.010186757215619695
8,1767,PanFlute,12,0.006791171477079796
8,1767,PercussiveOrgan,14,0.00792303338992643
8,1767,Piccolo,14,0.00792303338992643
8,1767,PizzicatoStrings,22,0.012450481041312961
8,1767,Recorder,18,0.010186757215619695
8,1767,ReedOrgan,26,0.014714204867006225
8,1767,RockOrgan,19,0.010752688172043012
8,1767,Shamisen,23,0.013016411997736278
8,1767,Shanai,18,0.010186757215619695
8,1767,Sitar,17,0.009620826259196379
8,1767,SlapBass1,16,0.009054895302773062
8,1767,SlapBass2,19,0.010752688172043012
8,1767,SopranoSax,17,0.009620826259196379
8,1767,StringEnsemble1,22,0.012450481041312961
8,1767,StringEnsemble2,24,0.013582342954159592
8,1767,SynthBass1,28,0.01584606677985286
8,1767,SynthBass2,20,0.011318619128466328
8,1767,SynthBrass1,16,0.009054895302773062
8,1767,SynthBrass2,24,0.013582342954159592
8,1767,SynthStrings1,17,0.009620826259196379
8,1767,SynthStrings2,20,0.011318619128466328
8,1767,SynthVoice,20,0.011318619128466328
8,1767,TenorSax,17,0.009620826259196379
8,1767,TremoloStrings,16,0.009054895302773062
8,1767,Trombone,13,0.007357102433503113
8,1767,Trumpet,19,0.010752688172043012
8,1767,Tuba,23,0.013016411997736278
8,1767,Vibraphone,20,0.011318619128466328
8,1767,Viola,20,0.011318619128466328
8,1767,Violin,15,0.008488964346349746
8,1767,VoiceOohs,22,0.012450481041312961
8,1767,Xylophone,20,0.011318619128466328
9,1766,AcousticBass,11,0.00622876557191393
9,1766,AcousticGrandPiano,26,0.014722536806342017
9,1766,AcousticGuitar(nylon),23,0.013023782559456399
9,1766,AcousticGuitar(steel),28,0.015855039637599096
9,1766,AltoSax,14,0.007927519818799548
9,1766,Bagpipe,8,0.004530011325028313
9,1766,Banjo,19,0.010758776896942244
9,1766,BaritoneSax,18,0.010192525481313703
9,1766,Bassoon,21,0.011891279728199321
9,1766,BlownBottle,18,0.010192525481313703
9,1766,BrassSection,20,0.011325028312570783
9,1766,BrightAcousticPiano,18,0.010192525481313703
9,1766,Cello,16,0.009060022650056626
9,1766,ChoirAahs,15,0.008493771234428087
9,1766,ChurchOrgan,20,0.011325028312570783
9,1766,Clarinet,18,0.010192525481313703
9,1766,Clavinet,27,0.015288788221970556
9,1766,Contrabass,16,0.009060022650056626
9,1766,DistortionGuitar,19,0.010758776896942244
9,1766,DrawbarOrgan,15,0.008493771234428087
9,1766,Dulcimer,20,0.011325028312570783
9,1766,ElectricBass(finger),16,0.009060022650056626
9,1766,ElectricBass(pick),15,0.008493771234428087
9,1766,ElectricGrandPiano,19,0.010758776896942244
9,1766,ElectricGuitar(clean),16,0.009060022650056626
9,1766,ElectricGuitar(jazz),22,0.01245753114382786
9,1766,ElectricGuitar(muted),19,0.010758776896942244
9,1766,ElectricPiano1,18,0.010192525481313703
9,1766,ElectricPiano2,21,0.011891279728199321
9,1766,EnglishHorn,25,0.014156285390713478
9,1766,Fiddle,18,0.010192525481313703
9,1766,Flute,19,0.010758776896942244
9,1766,FrenchHorn,19,0.010758776896942244
9,1766,FretlessBass,22,0.01245753114382786
9,1766,Harpsichord,15,0.008493771234428087
9,1766,Honky-tonkPiano,24,0.013590033975084938
9,1766,Kalimba,20,0.011325028312570783
9,1766,Koto,23,0.013023782559456399
9,1766,Lead1(square),17,0.009626274065685165
9,1766,Lead2(sawtooth),17,0.009626274065685165
9,1766,Lead3(calliope),10,0.005662514156285391
9,1766,Lead4(chiff),21,0.011891279728199321
9,1766,Lead5(charang),18,0.010192525481313703
9,1766,Lead6(voice),26,0.014722536806342017
9,1766,Lead8(bass+lead),17,0.009626274065685165
9,1766,Marimba,21,0.011891279728199321
9,1766,MusicBox,17,0.009626274065685165
9,1766,MutedTrumpet,15,0.008493771234428087
9,1766,Oboe,19,0.010758776896942244
9,1766,Ocarina,20,0.011325028312570783
9,1766,OrchestralHarp,14,0.007927519818799548
9,1766,OverdrivenGuitar,16,0.009060022650056626
9,1766,Pad1(newage),17,0.009626274065685165
9,1766,Pad2(warm),12,0.006795016987542469
9,1766,Pad3(polysynth),19,0.010758776896942244
9,1766,Pad4(choir),17,0.009626274065685165
9,1766,Pad5(bowed),17,0.009626274065685165
9,1766,Pad6(metallic),20,0.011325028312570783
9,1766,Pad7(halo),24,0.013590033975084938
9,1766,Pad8(sweep),21,0.011891279728199321
9,1766,PanFlute,25,0.014156285390713478
9,1766,PercussiveOrgan,20,0.011325028312570783
9,1766,Piccolo,23,0.013023782559456399
9,1766,PizzicatoStrings,14,0.007927519818799548
9,1766,Recorder,28,0.015855039637599096
9,1766,ReedOrgan,20,0.011325028312570783
9,1766,RockOrgan,24,0.013590033975084938
9,1766,Shamisen,26,0.014722536806342017
9,1766,Shanai,20,0.011325028312570783
9,1766,Sitar,23,0.013023782559456399
9,1766,SlapBass1,15,0.008493771234428087
9,1766,SlapBass2,13,0.0073612684031710085
9,1766,SopranoSax,19,0.010758776896942244
9,1766,StringEnsemble1,19,0.010758776896942244
9,1766,StringEnsemble2,23,0.013023782559456399
9,1766,SynthBass1,24,0.013590033975084938
9,1766,SynthBass2,24,0.013590033975084938
9,1766,SynthBrass1,16,0.009060022650056626
9,1766,SynthBrass2,12,0.006795016987542469
9,1766,SynthStrings1,21,0.011891279728199321
9,1766,SynthStrings2,22,0.01245753114382786
9,1766,SynthVoice,17,0.009626274065685165
9,1766,TenorSax,20,0.011325028312570783
9,1766,TremoloStrings,30,0.016987542468856174
9,1766,Trombone,23,0.013023782559456399
9,1766,Trumpet,14,0.007927519818799548
9,1766,Tuba,19,0.010758776896942244
9,1766,Vibraphone,19,0.010758776896942244
9,1766,Viola,18,0.010192525481313703
9,1766,Violin,19,0.010758776896942244
9,1766,VoiceOohs,23,0.013023782559456399
9,1766,Xylophone,17,0.009626274065685165
10,1766,AcousticBass,20,0.011325028312570783
10,1766,AcousticGrandPiano,25,0.014156285390713478
10,1766,AcousticGuitar(nylon),23,0.013023782559456399
10,1766,AcousticGuitar(steel),22,0.01245753114382786
10,1766,AltoSax,19,0.010758776896942244
10,1766,Bagpipe,16,0.009060022650056626
10,1766,Banjo,19,0.010758776896942244
10,1766,BaritoneSax,12,0.006795016987542469
10,1766,Bassoon,18,0.010192525481313703
10,1766,BlownBottle,23,0.013023782559456399
10,1766,BrassSection,17,0.009626274065685165
10,1766,BrightAcousticPiano,13,0.0073612684031710085
10,1766,Cello,15,0.008493771234428087
10,1766,ChoirAahs,17,0.009626274065685165
10,1766,ChurchOrgan,17,0.009626274065685165
10,1766,Clarinet,19,0.010758776896942244
10,1766,Clavinet,21,0.011891279728199321
10,1766,Contrabass,25,0.014156285390713478
10,1766,DistortionGuitar,13,0.0073612684031710085
10,1766,DrawbarOrgan,33,0.01868629671574179
10,1766,Dulcimer,9,0.005096262740656852
10,1766,ElectricBass(finger),19,0.010758776896942244
10,1766,ElectricBass(pick),16,0.009060022650056626
10,1766,ElectricGrandPiano,18,0.010192525481313703
10,1766,ElectricGuitar(clean),18,0.010192525481313703
10,1766,ElectricGuitar(jazz),9,0.005096262740656852
10,1766,ElectricGuitar(muted),22,0.01245753114382786
10,1766,ElectricPiano1,21,0.011891279728199321
10,1766,ElectricPiano2,26,0.014722536806342017
10,1766,EnglishHorn,16,0.009060022650056626
10,1766,Fiddle,12,0.006795016987542469
10,1766,Flute,17,0.009626274065685165
10,1766,FrenchHorn,21,0.011891279728199321
10,1766,FretlessBass,24,0.013590033975084938
10,1766,Harpsichord,18,0.010192525481313703
10,1766,Honky-tonkPiano,16,0.009060022650056626
10,1766,Kalimba,23,0.013023782559456399
10,1766,Koto,19,0.010758776896942244
10,1766,Lead1(square),22,0.01245753114382786
10,1766,Lead2(sawtooth),26,0.014722536806342017
10,1766,Lead3(calliope),12,0.006795016987542469
10,1766,Lead4(chiff),23,0.013023782559456399
10,1766,Lead5(charang),23,0.013023782559456399
10,1766,Lead6(voice),14,0.007927519818799548
10,1766,Lead8(bass+lead),30,0.016987542468856174
10,1766,Marimba,17,0.009626274065685165
10,1766,MusicBox,20,0.011325028312570783
10,1766,MutedTrumpet,17,0.009626274065685165
10,1766,Oboe,21,0.011891279728199321
10,1766,Ocarina,20,0.011325028312570783
10,1766,OrchestralHarp,18,0.010192525481313703
10,1766,OverdrivenGuitar,21,0.011891279728199321
10,1766,Pad1(newage),18,0.010192525481313703
10,1766,Pad2(warm),15,0.008493771234428087
10,1766,Pad3(polysynth),24,0.013590033975084938
10,1766,Pad4(choir),16,0.009060022650056626
10,1766,Pad5(bowed),11,0.00622876557191393
10,1766,Pad6(metallic),19,0.010758776896942244
10,1766,Pad7(halo),23,0.013023782559456399
10,1766,Pad8(sweep),20,0.011325028312570783
10,1766,PanFlute,20,0.011325028312570783
10,1766,PercussiveOrgan,21,0.011891279728199321
10,1766,Piccolo,16,0.009060022650056626
10,1766,PizzicatoStrings,25,0.014156285390713478
10,1766,Recorder,24,0.013590033975084938
10,1766,ReedOrgan,17,0.009626274065685165
10,1766,RockOrgan,17,0.009626274065685165
10,1766,Shamisen,18,0.010192525481313703
10,1766,Shanai,24,0.013590033975084938
10,1766,Sitar,17,0.009626274065685165
10,1766,SlapBass1,15,0.008493771234428087
10,1766,SlapBass2,25,0.014156285390713478
10,1766,SopranoSax,25,0.014156285390713478
10,1766,StringEnsemble1,21,0.011891279728199321
10,1766,StringEnsemble2,16,0.009060022650056626
10,1766,SynthBass1,14,0.007927519818799548
10,1766,SynthBass2,19,0.010758776896942244
10,1766,SynthBrass1,16,0.009060022650056626
10,1766,SynthBrass2,19,0.010758776896942244
10,1766,SynthStrings1,23,0.013023782559456399
10,1766,SynthStrings2,10,0.005662514156285391
10,1766,SynthVoice,16,0.009060022650056626
10,1766,TenorSax,24,0.013590033975084938
10,1766,TremoloStrings,28,0.015855039637599096
10,1766,Trombone,19,0.010758776896942244
10,1766,Trumpet,18,0.010192525481313703
10,1766,Tuba,25,0.014156285390713478
10,1766,Vibraphone,24,0.013590033975084938
10,1766,Viola,19,0.010758776896942244
10,1766,Violin,13,0.0073612684031710085
10,1766,VoiceOohs,20,0.011325028312570783
10,1766,Xylophone,17,0.009626274065685165
11,1766,AcousticBass,21,0.011891279728199321
11,1766,AcousticGrandPiano,23,0.013023782559456399
11,1766,AcousticGuitar(nylon),18,0.010192525481313703
11,1766,AcousticGuitar(steel),21,0.011891279728199321
11,1766,AltoSax,14,0.007927519818799548
11,1766,Bagpipe,19,0.010758776896942244
11,1766,Banjo,25,0.014156285390713478
11,1766,BaritoneSax,27,0.015288788221970556
11,1766,Bassoon,20,0.011325028312570783
11,1766,BlownBottle,12,0.006795016987542469
11,1766,BrassSection,22,0.01245753114382786
11,1766,BrightAcousticPiano,23,0.013023782559456399
11,1766,Cello,14,0.007927519818799548
11,1766,ChoirAahs,25,0.014156285390713478
11,1766,ChurchOrgan,21,0.011891279728199321
11,1766,Clarinet,19,0.010758776896942244
11,1766,Clavinet,20,0.011325028312570783
11,1766,Contrabass,23,0.013023782559456399
11,1766,DistortionGuitar,21,0.011891279728199321
11,1766,DrawbarOrgan,12,0.006795016987542469
11,1766,Dulcimer,15,0.008493771234428087
11,1766,ElectricBass(finger),19,0.010758776896942244
11,1766,ElectricBass(pick),20,0.011325028312570783
11,1766,ElectricGrandPiano,23,0.013023782559456399
11,1766,ElectricGuitar(clean),27,0.015288788221970556
11,1766,ElectricGuitar(jazz),22,0.01245753114382786
11,1766,ElectricGuitar(muted),21,0.011891279728199321
11,1766,ElectricPiano1,16,0.009060022650056626
11,1766,ElectricPiano2,14,0.007927519818799548
11,1766,EnglishHorn,16,0.009060022650056626
11,1766,Fiddle,21,0.011891279728199321
11,1766,Flute,18,0.010192525481313703
11,1766,FrenchHorn,19,0.010758776896942244
11,1766,FretlessBass,16,0.009060022650056626
11,1766,Harpsichord,17,0.009626274065685165
11,1766,Honky-tonkPiano,13,0.0073612684031710085
11,1766,Kalimba,20,0.011325028312570783
11,1766,Koto,26,0.014722536806342017
11,1766,Lead1(square),16,0.009060022650056626
11,1766,Lead2(sawtooth),22,0.01245753114382786
11,1766,Lead3(calliope),17,0.009626274065685165
11,1766,Lead4(chiff),26,0.014722536806342017
11,1766,Lead5(charang),17,0.009626274065685165
11,1766,Lead6(voice),12,0.006795016987542469
11,1766,Lead8(bass+lead),21,0.011891279728199321
11,1766,Marimba,17,0.009626274065685165
11,1766,MusicBox,23,0.013023782559456399
11,1766,MutedTrumpet,21,0.011891279728199321
11,1766,Oboe,21,0.011891279728199321
11,1766,Ocarina,15,0.008493771234428087
11,1766,OrchestralHarp,16,0.009060022650056626
11,1766,OverdrivenGuitar,17,0.009626274065685165
11,1766,Pad1(newage),18,0.010192525481313703
11,1766,Pad2(warm),12,0.006795016987542469
11,1766,Pad3(polysynth),17,0.009626274065685165
11,1766,Pad4(choir),19,0.010758776896942244
11,1766,Pad5(bowed),18,0.010192525481313703
11,1766,Pad6(metallic),29,0.016421291053227635
11,1766,Pad7(halo),25,0.014156285390713478
11,1766,Pad8(sweep),19,0.010758776896942244
11,1766,PanFlute,17,0.009626274065685165
11,1766,PercussiveOrgan,13,0.0073612684031710085
11,1766,Piccolo,21,0.011891279728199321
11,1766,PizzicatoStrings,10,0.005662514156285391
11,1766,Recorder,25,0.014156285390713478
11,1766,ReedOrgan,14,0.007927519818799548
11,1766,RockOrgan,23,0.013023782559456399
11,1766,Shamisen,25,0.014156285390713478
11,1766,Shanai,19,0.010758776896942244
11,1766,Sitar,19,0.010758776896942244
11,1766,SlapBass1,20,0.011325028312570783
11,1766,SlapBass2,27,0.015288788221970556
11,1766,SopranoSax,14,0.007927519818799548
11,1766,StringEnsemble1,15,0.008493771234428087
11,1766,StringEnsemble2,20,0.011325028312570783
11,1766,SynthBass1,23,0.013023782559456399
11,1766,SynthBass2,26,0.014722536806342017
11,1766,SynthBrass1,24,0.013590033975084938
11,1766,SynthBrass2,27,0.015288788221970556
11,1766,SynthStrings1,14,0.007927519818799548
11,1766,SynthStrings2,16,0.009060022650056626
11,1766,SynthVoice,20,0.011325028312570783
11,1766,TenorSax,13,0.0073612684031710085
11,1766,TremoloStrings,20,0.011325028312570783
11,1766,Trombone,14,0.007927519818799548
11,1766,Trumpet,16,0.009060022650056626
11,1766,Tuba,23,0.013023782559456399
11,1766,Vibraphone,20,0.011325028312570783
11,1766,Viola,20,0.011325028312570783
11,1766,Violin,21,0.011891279728199321
11,1766,VoiceOohs,13,0.0073612684031710085
11,1766,Xylophone,13,0.0073612684031710085
12,1766,AcousticBass,20,0.011325028312570783
12,1766,AcousticGrandPiano,24,0.013590033975084938
12,1766,AcousticGuitar(nylon),18,0.010192525481313703
12,1766,AcousticGuitar(steel),23,0.013023782559456399
12,1766,AltoSax,19,0.010758776896942244
12,1766,Bagpipe,21,0.011891279728199321
12,1766,Banjo,24,0.013590033975084938
12,1766,BaritoneSax,17,0.009626274065685165
12,1766,Bassoon,13,0.0073612684031710085
12,1766,BlownBottle,24,0.013590033975084938
12,1766,BrassSection,20,0.011325028312570783
12,1766,BrightAcousticPiano,18,0.010192525481313703
12,1766,Cello,16,0.009060022650056626
12,1766,ChoirAahs,24,0.013590033975084938
12,1766,ChurchOrgan,13,0.0073612684031710085
12,1766,Clarinet,21,0.011891279728199321
12,1766,Clavinet,20,0.011325028312570783
12,1766,Contrabass,28,0.015855039637599096
12,1766,DistortionGuitar,17,0.009626274065685165
12,1766,DrawbarOrgan,16,0.009060022650056626
12,1766,Dulcimer,23,0.013023782559456399
12,1766,ElectricBass(finger),21,0.011891279728199321
12,1766,ElectricBass(pick),19,0.010758776896942244
12,1766,ElectricGrandPiano,15,0.008493771234428087
12,1766,ElectricGuitar(clean),17,0.009626274065685165
12,1766,ElectricGuitar(jazz),18,0.010192525481313703
12,1766,ElectricGuitar(muted),17,0.009626274065685165
12,1766,ElectricPiano1,26,0.014722536806342017
12,1766,ElectricPiano2,22,0.01245753114382786
12,1766,EnglishHorn,21,0.011891279728199321
12,1766,Fiddle,18,0.010192525481313703
12,1766,Flute,20,0.011325028312570783
12,1766,FrenchHorn,16,0.009060022650056626
12,1766,FretlessBass,10,0.005662514156285391
12,1766,Harpsichord,23,0.013023782559456399
12,1766,Honky-tonkPiano,18,0.010192525481313703
12,1766,Kalimba,20,0.011325028312570783
12,1766,Koto,18,0.010192525481313703
12,1766,Lead1(square),19,0.010758776896942244
12,1766,Lead2(sawtooth),22,0.01245753114382786
12,1766,Lead3(calliope),16,0.009060022650056626
12,1766,Lead4(chiff),22,0.01245753114382786
12,1766,Lead5(charang),18,0.010192525481313703
12,1766,Lead6(voice),16,0.009060022650056626
12,1766,Lead8(bass+lead),20,0.011325028312570783
12,1766,Marimba,23,0.013023782559456399
12,1766,MusicBox,24,0.013590033975084938
12,1766,MutedTrumpet,15,0.008493771234428087
12,1766,Oboe,17,0.009626274065685165
12,1766,Ocarina,17,0.009626274065685165
12,1766,OrchestralHarp,23,0.013023782559456399
12,1766,OverdrivenGuitar,25,0.014156285390713478
12,1766,Pad1(newage),20,0.011325028312570783
12,1766,Pad2(warm),17,0.009626274065685165
12,1766,Pad3(polysynth),14,0.007927519818799548
12,1766,Pad4(choir),20,0.011325028312570783
12,1766,Pad5(bowed),5,0.0028312570781426957
12,1766,Pad6(metallic),18,0.010192525481313703
12,1766,Pad7(halo),11,0.00622876557191393
12,1766,Pad8(sweep),17,0.009626274065685165
12,1766,PanFlute,12,0.006795016987542469
12,1766,PercussiveOrgan,15,0.008493771234428087
12,1766,Piccolo,15,0.008493771234428087
12,1766,PizzicatoStrings,22,0.01245753114382786
12,1766,Recorder,17,0.009626274065685165
12,1766,ReedOrgan,17,0.009626274065685165
12,1766,RockOrgan,20,0.011325028312570783
12,1766,Shamisen,18,0.010192525481313703
12,1766,Shanai,30,0.016987542468856174
12,1766,Sitar,21,0.011891279728199321
12,1766,SlapBass1,31,0.017553793884484713
12,1766,SlapBass2,23,0.013023782559456399
12,1766,SopranoSax,18,0.010192525481313703
12,1766,StringEnsemble1,15,0.008493771234428087
12,1766,StringEnsemble2,17,0.009626274065685165
12,1766,SynthBass1,10,0.005662514156285391
12,1766,SynthBass2,26,0.014722536806342017
12,1766,SynthBrass1,20,0.011325028312570783
12,1766,SynthBrass2,21,0.011891279728199321
12,1766,SynthStrings1,21,0.011891279728199321
12,1766,SynthStrings2,26,0.014722536806342017
12,1766,SynthVoice,15,0.008493771234428087
12,1766,TenorSax,17,0.009626274065685165
12,1766,TremoloStrings,20,0.011325028312570783
12,1766,Trombone,26,0.014722536806342017
12,1766,Trumpet,19,0.010758776896942244
12,1766,Tuba,21,0.011891279728199321
12,1766,Vibraphone,21,0.011891279728199321
12,1766,Viola,16,0.009060022650056626
12,1766,Violin,16,0.009060022650056626
12,1766,VoiceOohs,26,0.014722536806342017
12,1766,Xylophone,17,0.009626274065685165
13,1766,AcousticBass,19,0.010758776896942244
13,1766,AcousticGrandPiano,21,0.011891279728199321
13,1766,AcousticGuitar(nylon),25,0.014156285390713478
13,1766,AcousticGuitar(steel),21,0.011891279728199321
13,1766,AltoSax,13,0.0073612684031710085
13,1766,Bagpipe,22,0.01245753114382786
13,1766,Banjo,17,0.009626274065685165
13,1766,BaritoneSax,25,0.014156285390713478
13,1766,Bassoon,15,0.008493771234428087
13,1766,BlownBottle,25,0.014156285390713478
13,1766,BrassSection,17,0.009626274065685165
13,1766,BrightAcousticPiano,21,0.011891279728199321
13,1766,Cello,22,0.01245753114382786
13,1766,ChoirAahs,9,0.005096262740656852
13,1766,ChurchOrgan,17,0.009626274065685165
13,1766,Clarinet,21,0.011891279728199321
13,1766,Clavinet,15,0.008493771234428087
13,1766,Contrabass,18,0.010192525481313703
13,1766,DistortionGuitar,19,0.010758776896942244
13,1766,DrawbarOrgan,14,0.007927519818799548
13,1766,Dulcimer,25,0.014156285390713478
13,1766,ElectricBass(finger),27,0.015288788221970556
13,1766,ElectricBass(pick),22,0.01245753114382786
13,1766,ElectricGrandPiano,10,0.005662514156285391
13,1766,ElectricGuitar(clean),21,0.011891279728199321
13,1766,ElectricGuitar(jazz),19,0.010758776896942244
13,1766,ElectricGuitar(muted),18,0.010192525481313703
13,1766,ElectricPiano1,19,0.010758776896942244
13,1766,ElectricPiano2,14,0.007927519818799548
13,1766,EnglishHorn,17,0.009626274065685165
13,1766,Fiddle,24,0.013590033975084938
13,1766,Flute,12,0.006795016987542469
13,1766,FrenchHorn,16,0.009060022650056626
13,1766,FretlessBass,17,0.009626274065685165
13,1766,Harpsichord,14,0.007927519818799548
13,1766,Honky-tonkPiano,14,0.007927519818799548
13,1766,Kalimba,22,0.01245753114382786
13,1766,Koto,20,0.011325028312570783
13,1766,Lead1(square),25,0.014156285390713478
13,1766,Lead2(sawtooth),20,0.011325028312570783
13,1766,Lead3(calliope),22,0.01245753114382786
13,1766,Lead4(chiff),22,0.01245753114382786
13,1766,Lead5(charang),14,0.007927519818799548
13,1766,Lead6(voice),19,0.010758776896942244
13,1766,Lead8(bass+lead),19,0.010758776896942244
13,1766,Marimba,23,0.013023782559456399
13,1766,MusicBox,21,0.011891279728199321
13,1766,MutedTrumpet,20,0.011325028312570783
13,1766,Oboe,21,0.011891279728199321
13,1766,Ocarina,23,0.013023782559456399
13,1766,OrchestralHarp,22,0.01245753114382786
13,1766,OverdrivenGuitar,22,0.01245753114382786
13,1766,Pad1(newage),22,0.01245753114382786
13,1766,Pad2(warm),20,0.011325028312570783
13,1766,Pad3(polysynth),21,0.011891279728199321
13,1766,Pad4(choir),17,0.009626274065685165
13,1766,Pad5(bowed),23,0.013023782559456399
13,1766,Pad6(metallic),17,0.009626274065685165
13,1766,Pad7(halo),22,0.01245753114382786
13,1766,Pad8(sweep),19,0.010758776896942244
13,1766,PanFlute,18,0.010192525481313703
13,1766,PercussiveOrgan,17,0.009626274065685165
13,1766,Piccolo,26,0.014722536806342017
13,1766,PizzicatoStrings,18,0.010192525481313703
13,1766,Recorder,18,0.010192525481313703
13,1766,ReedOrgan,15,0.008493771234428087
13,1766,RockOrgan,17,0.009626274065685165
13,1766,Shamisen,16,0.009060022650056626
13,1766,Shanai,17,0.009626274065685165
13,1766,Sitar,14,0.007927519818799548
13,1766,SlapBass1,21,0.011891279728199321
13,1766,SlapBass2,18,0.010192525481313703
13,1766,SopranoSax,16,0.009060022650056626
13,1766,StringEnsemble1,22,0.01245753114382786
13,1766,StringEnsemble2,19,0.010758776896942244
13,1766,SynthBass1,23,0.013023782559456399
13,1766,SynthBass2,21,0.011891279728199321
13,1766,SynthBrass1,17,0.009626274065685165
13,1766,SynthBrass2,23,0.013023782559456399
13,1766,SynthStrings1,23,0.013023782559456399
13,1766,SynthStrings2,19,0.010758776896942244
13,1766,SynthVoice,14,0.007927519818799548
13,1766,TenorSax,17,0.009626274065685165
13,1766,TremoloStrings,15,0.008493771234428087
13,1766,Trombone,22,0.01245753114382786
13,1766,Trumpet,23,0.013023782559456399
13,1766,Tuba,23,0.013023782559456399
13,1766,Vibraphone,16,0.009060022650056626
13,1766,Viola,20,0.011325028312570783
13,1766,Violin,17,0.009626274065685165
13,1766,VoiceOohs,15,0.008493771234428087
13,1766,Xylophone,25,0.014156285390713478
14,1766,AcousticBass,18,0.010192525481313703
14,1766,AcousticGrandPiano,16,0.009060022650056626
14,1766,AcousticGuitar(nylon),17,0.009626274065685165
14,1766,AcousticGuitar(steel),21,0.011891279728199321
14,1766,AltoSax,25,0.014156285390713478
14,1766,Bagpipe,20,0.011325028312570783
14,1766,Banjo,13,0.0073612684031710085
14,1766,BaritoneSax,26,0.014722536806342017
14,1766,Bassoon,14,0.007927519818799548
14,1766,BlownBottle,15,0.008493771234428087
14,1766,BrassSection,19,0.010758776896942244
14,1766,BrightAcousticPiano,16,0.009060022650056626
14,1766,Cello,15,0.008493771234428087
14,1766,ChoirAahs,22,0.01245753114382786
14,1766,ChurchOrgan,24,0.013590033975084938
14,1766,Clarinet,18,0.010192525481313703
14,1766,Clavinet,14,0.007927519818799548
14,1766,Contrabass,23,0.013023782559456399
14,1766,DistortionGuitar,21,0.011891279728199321
14,1766,DrawbarOrgan,18,0.010192525481313703
14,1766,Dulcimer,17,0.009626274065685165
14,1766,ElectricBass(finger),15,0.008493771234428087
14,1766,ElectricBass(pick),23,0.013023782559456399
14,1766,ElectricGrandPiano,21,0.011891279728199321
14,1766,ElectricGuitar(clean),20,0.011325028312570783
14,1766,ElectricGuitar(jazz),14,0.007927519818799548
14,1766,ElectricGuitar(muted),17,0.009626274065685165
14,1766,ElectricPiano1,25,0.014156285390713478
14,1766,ElectricPiano2,13,0.0073612684031710085
14,1766,EnglishHorn,16,0.009060022650056626
14,1766,Fiddle,19,0.010758776896942244
14,1766,Flute,19,0.010758776896942244
14,1766,FrenchHorn,24,0.013590033975084938
14,1766,FretlessBass,19,0.010758776896942244
14,1766,Harpsichord,26,0.014722536806342017
14,1766,Honky-tonkPiano,23,0.013023782559456399
14,1766,Kalimba,14,0.007927519818799548
14,1766,Koto,23,0.013023782559456399
14,1766,Lead1(square),23,0.013023782559456399
14,1766,Lead2(sawtooth),22,0.01245753114382786
14,1766,Lead3(calliope),30,0.016987542468856174
14,1766,Lead4(chiff),29,0.016421291053227635
14,1766,Lead5(charang),21,0.011891279728199321
14,1766,Lead6(voice),25,0.014156285390713478
14,1766,Lead8(bass+lead),10,0.005662514156285391
14,1766,Marimba,9,0.005096262740656852
14,1766,MusicBox,19,0.010758776896942244
14,1766,MutedTrumpet,14,0.007927519818799548
14,1766,Oboe,16,0.009060022650056626
14,1766,Ocarina,20,0.011325028312570783
14,1766,OrchestralHarp,11,0.00622876557191393
14,1766,OverdrivenGuitar,14,0.007927519818799548
14,1766,Pad1(newage),15,0.008493771234428087
14,1766,Pad2(warm),23,0.013023782559456399
14,1766,Pad3(polysynth),22,0.01245753114382786
14,1766,Pad4(choir),11,0.00622876557191393
14,1766,Pad5(bowed),26,0.014722536806342017
14,1766,Pad6(metallic),18,0.010192525481313703
14,1766,Pad7(halo),13,0.0073612684031710085
14,1766,Pad8(sweep),20,0.011325028312570783
14,1766,PanFlute,22,0.01245753114382786
14,1766,PercussiveOrgan,20,0.011325028312570783
14,1766,Piccolo,23,0.013023782559456399
14,1766,PizzicatoStrings,21,0.011891279728199321
14,1766,Recorder,27,0.015288788221970556
14,1766,ReedOrgan,17,0.009626274065685165
14,1766,RockOrgan,23,0.013023782559456399
14,1766,Shamisen,15,0.008493771234428087
14,1766,Shanai,22,0.01245753114382786
14,1766,Sitar,25,0.014156285390713478
14,1766,SlapBass1,19,0.010758776896942244
14,1766,SlapBass2,18,0.010192525481313703
14,1766,SopranoSax,15,0.008493771234428087
14,1766,StringEnsemble1,18,0.010192525481313703
14,1766,StringEnsemble2,21,0.011891279728199321
14,1766,SynthBass1,17,0.009626274065685165
14,1766,SynthBass2,13,0.0073612684031710085
14,1766,SynthBrass1,20,0.011325028312570783
14,1766,SynthBrass2,19,0.010758776896942244
14,1766,SynthStrings1,18,0.010192525481313703
14,1766,SynthStrings2,25,0.014156285390713478
14,1766,SynthVoice,28,0.015855039637599096
14,1766,TenorSax,23,0.013023782559456399
14,1766,TremoloStrings,14,0.007927519818799548
14,1766,Trombone,15,0.008493771234428087
14,1766,Trumpet,23,0.013023782559456399
14,1766,Tuba,26,0.014722536806342017
14,1766,Vibraphone,12,0.006795016987542469
14,1766,Viola,14,0.007927519818799548
14,1766,Violin,18,0.010192525481313703
14,1766,VoiceOohs,19,0.010758776896942244
14,1766,Xylophone,22,0.01245753114382786
15,1766,AcousticBass,16,0.009060022650056626
15,1766,AcousticGrandPiano,15,0.008493771234428087
15,1766,AcousticGuitar(nylon),7,0.003963759909399774
15,1766,AcousticGuitar(steel),22,0.01245753114382786
15,1766,AltoSax,18,0.010192525481313703
15,1766,Bagpipe,28,0.015855039637599096
15,1766,Banjo,22,0.01245753114382786
15,1766,BaritoneSax,23,0.013023782559456399
15,1766,Bassoon,19,0.010758776896942244
15,1766,BlownBottle,28,0.015855039637599096
15,1766,BrassSection,18,0.010192525481313703
15,1766,BrightAcousticPiano,18,0.010192525481313703
15,1766,Cello,22,0.01245753114382786
15,1766,ChoirAahs,20,0.011325028312570783
15,1766,ChurchOrgan,20,0.011325028312570783
15,1766,Clarinet,20,0.011325028312570783
15,1766,Clavinet,11,0.00622876557191393
15,1766,Contrabass,23,0.013023782559456399
15,1766,DistortionGuitar,18,0.010192525481313703
15,1766,DrawbarOrgan,16,0.009060022650056626
15,1766,Dulcimer,27,0.015288788221970556
15,1766,ElectricBass(finger),18,0.010192525481313703
15,1766,ElectricBass(pick),13,0.0073612684031710085
15,1766,ElectricGrandPiano,17,0.009626274065685165
15,1766,ElectricGuitar(clean),16,0.009060022650056626
15,1766,ElectricGuitar(jazz),14,0.007927519818799548
15,1766,ElectricGuitar(muted),20,0.011325028312570783
15,1766,ElectricPiano1,20,0.011325028312570783
15,1766,ElectricPiano2,19,0.010758776896942244
15,1766,EnglishHorn,19,0.010758776896942244
15,1766,Fiddle,14,0.007927519818799548
15,1766,Flute,15,0.008493771234428087
15,1766,FrenchHorn,20,0.011325028312570783
15,1766,FretlessBass,13,0.0073612684031710085
15,1766,Harpsichord,14,0.007927519818799548
15,1766,Honky-tonkPiano,21,0.011891279728199321
15,1766,Kalimba,11,0.00622876557191393
15,1766,Koto,16,0.009060022650056626
15,1766,Lead1(square),16,0.009060022650056626
15,1766,Lead2(sawtooth),21,0.011891279728199321
15,1766,Lead3(calliope),22,0.01245753114382786
15,1766,Lead4(chiff),20,0.011325028312570783
15,1766,Lead5(charang),12,0.006795016987542469
15,1766,Lead6(voice),10,0.005662514156285391
15,1766,Lead8(bass+lead),26,0.014722536806342017
15,1766,Marimba,14,0.007927519818799548
15,1766,MusicBox,17,0.009626274065685165
15,1766,MutedTrumpet,12,0.006795016987542469
15,1766,Oboe,22,0.01245753114382786
15,1766,Ocarina,23,0.013023782559456399
15,1766,OrchestralHarp,22,0.01245753114382786
15,1766,OverdrivenGuitar,21,0.011891279728199321
15,1766,Pad1(newage),32,0.01812004530011325
15,1766,Pad2(warm),27,0.015288788221970556
15,1766,Pad3(polysynth),15,0.008493771234428087
15,1766,Pad4(choir),23,0.013023782559456399
15,1766,Pad5(bowed),25,0.014156285390713478
15,1766,Pad6(metallic),22,0.01245753114382786
15,1766,Pad7(halo),14,0.007927519818799548
15,1766,Pad8(sweep),20,0.011325028312570783
15,1766,PanFlute,19,0.010758776896942244
15,1766,PercussiveOrgan,19,0.010758776896942244
15,1766,Piccolo,17,0.009626274065685165
15,1766,PizzicatoStrings,22,0.01245753114382786
15,1766,Recorder,20,0.011325028312570783
15,1766,ReedOrgan,21,0.011891279728199321
15,1766,RockOrgan,26,0.014722536806342017
15,1766,Shamisen,31,0.017553793884484713
15,1766,Shanai,21,0.011891279728199321
15,1766,Sitar,20,0.011325028312570783
15,1766,SlapBass1,15,0.008493771234428087
15,1766,SlapBass2,18,0.010192525481313703
15,1766,SopranoSax,15,0.008493771234428087
15,1766,StringEnsemble1,15,0.008493771234428087
15,1766,StringEnsemble2,22,0.01245753114382786
15,1766,SynthBass1,20,0.011325028312570783
15,1766,SynthBass2,27,0.015288788221970556
15,1766,SynthBrass1,12,0.006795016987542469
15,1766,SynthBrass2,20,0.011325028312570783
15,1766,SynthStrings1,19,0.010758776896942244
15,1766,SynthStrings2,19,0.010758776896942244
15,1766,SynthVoice,29,0.016421291053227635
15,1766,TenorSax,24,0.013590033975084938
15,1766,TremoloStrings,26,0.014722536806342017
15,1766,Trombone,22,0.01245753114382786
15,1766,Trumpet,20,0.011325028312570783
15,1766,Tuba,17,0.009626274065685165
15,1766,Vibraphone,12,0.006795016987542469
15,1766,Viola,22,0.01245753114382786
15,1766,Violin,14,0.007927519818799548
15,1766,VoiceOohs,21,0.011891279728199321
15,1766,Xylophone,14,0.007927519818799548
16,1766,AcousticBass,16,0.009060022650056626
16,1766,AcousticGrandPiano,23,0.013023782559456399
16,1766,AcousticGuitar(nylon),19,0.010758776896942244
16,1766,AcousticGuitar(steel),8,0.004530011325028313
16,1766,AltoSax,21,0.011891279728199321
16,1766,Bagpipe,16,0.009060022650056626
16,1766,Banjo,21,0.011891279728199321
16,1766,BaritoneSax,14,0.007927519818799548
16,1766,Bassoon,16,0.009060022650056626
16,1766,BlownBottle,16,0.009060022650056626
16,1766,BrassSection,30,0.016987542468856174
16,1766,BrightAcousticPiano,21,0.011891279728199321
16,1766,Cello,22,0.01245753114382786
16,1766,ChoirAahs,23,0.013023782559456399
16,1766,ChurchOrgan,19,0.010758776896942244
16,1766,Clarinet,19,0.010758776896942244
16,1766,Clavinet,19,0.010758776896942244
16,1766,Contrabass,12,0.006795016987542469
16,1766,DistortionGuitar,14,0.007927519818799548
16,1766,DrawbarOrgan,22,0.01245753114382786
16,1766,Dulcimer,21,0.011891279728199321
16,1766,ElectricBass(finger),14,0.007927519818799548
16,1766,ElectricBass(pick),12,0.006795016987542469
16,1766,ElectricGrandPiano,23,0.013023782559456399
16,1766,ElectricGuitar(clean),21,0.011891279728199321
16,1766,ElectricGuitar(jazz),16,0.009060022650056626
16,1766,ElectricGuitar(muted),23,0.013023782559456399
16,1766,ElectricPiano1,18,0.010192525481313703
16,1766,ElectricPiano2,19,0.010758776896942244
16,1766,EnglishHorn,27,0.015288788221970556
16,1766,Fiddle,17,0.009626274065685165
16,1766,Flute,17,0.009626274065685165
16,1766,FrenchHorn,17,0.009626274065685165
16,1766,FretlessBass,27,0.015288788221970556
16,1766,Harpsichord,20,0.011325028312570783
16,1766,Honky-tonkPiano,14,0.007927519818799548
16,1766,Kalimba,22,0.01245753114382786
16,1766,Koto,17,0.009626274065685165
16,1766,Lead1(square),17,0.009626274065685165
16,1766,Lead2(sawtooth),17,0.009626274065685165
16,1766,Lead3(calliope),19,0.010758776896942244
16,1766,Lead4(chiff),15,0.008493771234428087
16,1766,Lead5(charang),18,0.010192525481313703
16,1766,Lead6(voice),24,0.013590033975084938
16,1766,Lead8(bass+lead),15,0.008493771234428087
16,1766,Marimba,13,0.0073612684031710085
16,1766,MusicBox,21,0.011891279728199321
16,1766,MutedTrumpet,19,0.010758776896942244
16,1766,Oboe,29,0.016421291053227635
16,1766,Ocarina,30,0.016987542468856174
16,1766,OrchestralHarp,28,0.015855039637599096
16,1766,OverdrivenGuitar,20,0.011325028312570783
16,1766,Pad1(newage),14,0.007927519818799548
16,1766,Pad2(warm),26,0.014722536806342017
16,1766,Pad3(polysynth),17,0.009626274065685165
16,1766,Pad4(choir),23,0.013023782559456399
16,1766,Pad5(bowed),21,0.011891279728199321
16,1766,Pad6(metallic),17,0.009626274065685165
16,1766,Pad7(halo),24,0.013590033975084938
16,1766,Pad8(sweep),20,0.011325028312570783
16,1766,PanFlute,16,0.009060022650056626
16,1766,PercussiveOrgan,22,0.01245753114382786
16,1766,Piccolo,20,0.011325028312570783
16,1766,PizzicatoStrings,14,0.007927519818799548
16,1766,Recorder,12,0.006795016987542469
16,1766,ReedOrgan,21,0.011891279728199321
16,1766,RockOrgan,24,0.013590033975084938
16,1766,Shamisen,14,0.007927519818799548
16,1766,Shanai,18,0.010192525481313703
16,1766,Sitar,10,0.005662514156285391
16,1766,SlapBass1,19,0.010758776896942244
16,1766,SlapBass2,34,0.01925254813137033
16,1766,SopranoSax,17,0.009626274065685165
16,1766,StringEnsemble1,16,0.009060022650056626
16,1766,StringEnsemble2,12,0.006795016987542469
16,1766,SynthBass1,16,0.009060022650056626
16,1766,SynthBass2,24,0.013590033975084938
16,1766,SynthBrass1,19,0.010758776896942244
16,1766,SynthBrass2,19,0.010758776896942244
16,1766,SynthStrings1,17,0.009626274065685165
16,1766,SynthStrings2,22,0.01245753114382786
16,1766,SynthVoice,16,0.009060022650056626
16,1766,TenorSax,18,0.010192525481313703
16,1766,TremoloStrings,20,0.011325028312570783
16,1766,Trombone,18,0.010192525481313703
16,1766,Trumpet,19,0.010758776896942244
16,1766,Tuba,18,0.010192525481313703
16,1766,Vibraphone,24,0.013590033975084938
16,1766,Viola,15,0.008493771234428087
16,1766,Violin,23,0.013023782559456399
16,1766,VoiceOohs,26,0.014722536806342017
16,1766,Xylophone,20,0.011325028312570783
17,1766,AcousticBass,18,0.010192525481313703
17,1766,AcousticGrandPiano,15,0.008493771234428087
17,1766,AcousticGuitar(nylon),20,0.011325028312570783
17,1766,AcousticGuitar(steel),26,0.014722536806342017
17,1766,AltoSax,19,0.010758776896942244
17,1766,Bagpipe,18,0.010192525481313703
17,1766,Banjo,13,0.0073612684031710085
17,1766,BaritoneSax,12,0.006795016987542469
17,1766,Bassoon,13,0.0073612684031710085
17,1766,BlownBottle,19,0.010758776896942244
17,1766,BrassSection,19,0.010758776896942244
17,1766,BrightAcousticPiano,23,0.013023782559456399
17,1766,Cello,16,0.009060022650056626
17,1766,ChoirAahs,22,0.01245753114382786
17,1766,ChurchOrgan,20,0.011325028312570783
17,1766,Clarinet,24,0.013590033975084938
17,1766,Clavinet,20,0.011325028312570783
17,1766,Contrabass,18,0.010192525481313703
17,1766,DistortionGuitar,16,0.009060022650056626
17,1766,DrawbarOrgan,20,0.011325028312570783
17,1766,Dulcimer,25,0.014156285390713478
17,1766,ElectricBass(finger),27,0.015288788221970556
17,1766,ElectricBass(pick),20,0.011325028312570783
17,1766,ElectricGrandPiano,16,0.009060022650056626
17,1766,ElectricGuitar(clean),15,0.008493771234428087
17,1766,ElectricGuitar(jazz),18,0.010192525481313703
17,1766,ElectricGuitar(muted),20,0.011325028312570783
17,1766,ElectricPiano1,22,0.01245753114382786
17,1766,ElectricPiano2,18,0.010192525481313703
17,1766,EnglishHorn,21,0.011891279728199321
17,1766,Fiddle,21,0.011891279728199321
17,1766,Flute,12,0.006795016987542469
17,1766,FrenchHorn,18,0.010192525481313703
17,1766,FretlessBass,18,0.010192525481313703
17,1766,Harpsichord,23,0.013023782559456399
17,1766,Honky-tonkPiano,26,0.014722536806342017
17,1766,Kalimba,26,0.014722536806342017
17,1766,Koto,18,0.010192525481313703
17,1766,Lead1(square),22,0.01245753114382786
17,1766,Lead2(sawtooth),15,0.008493771234428087
17,1766,Lead3(calliope),19,0.010758776896942244
17,1766,Lead4(chiff),20,0.011325028312570783
17,1766,Lead5(charang),21,0.011891279728199321
17,1766,Lead6(voice),14,0.007927519818799548
17,1766,Lead8(bass+lead),18,0.010192525481313703
17,1766,Marimba,15,0.008493771234428087
17,1766,MusicBox,19,0.010758776896942244
17,1766,MutedTrumpet,18,0.010192525481313703
17,1766,Oboe,15,0.008493771234428087
17,1766,Ocarina,24,0.013590033975084938
17,1766,OrchestralHarp,28,0.015855039637599096
17,1766,OverdrivenGuitar,12,0.006795016987542469
17,1766,Pad1(newage),15,0.008493771234428087
17,1766,Pad2(warm),19,0.010758776896942244
17,1766,Pad3(polysynth),25,0.014156285390713478
17,1766,Pad4(choir),27,0.015288788221970556
17,1766,Pad5(bowed),25,0.014156285390713478
17,1766,Pad6(metallic),25,0.014156285390713478
17,1766,Pad7(halo),24,0.013590033975084938
17,1766,Pad8(sweep),16,0.009060022650056626
17,1766,PanFlute,18,0.010192525481313703
17,1766,PercussiveOrgan,26,0.014722536806342017
17,1766,Piccolo,17,0.009626274065685165
17,1766,PizzicatoStrings,17,0.009626274065685165
17,1766,Recorder,22,0.01245753114382786
17,1766,ReedOrgan,21,0.011891279728199321
17,1766,RockOrgan,14,0.007927519818799548
17,1766,Shamisen,13,0.0073612684031710085
17,1766,Shanai,20,0.011325028312570783
17,1766,Sitar,24,0.013590033975084938
17,1766,SlapBass1,30,0.016987542468856174
17,1766,SlapBass2,19,0.010758776896942244
17,1766,SopranoSax,20,0.011325028312570783
17,1766,StringEnsemble1,26,0.014722536806342017
17,1766,StringEnsemble2,19,0.010758776896942244
17,1766,SynthBass1,23,0.013023782559456399
17,1766,SynthBass2,13,0.0073612684031710085
17,1766,SynthBrass1,21,0.011891279728199321
17,1766,SynthBrass2,16,0.009060022650056626
17,1766,SynthStrings1,17,0.009626274065685165
17,1766,SynthStrings2,18,0.010192525481313703
17,1766,SynthVoice,12,0.006795016987542469
17,1766,TenorSax,18,0.010192525481313703
17,1766,TremoloStrings,17,0.009626274065685165
17,1766,Trombone,20,0.011325028312570783
17,1766,Trumpet,19,0.010758776896942244
17,1766,Tuba,11,0.00622876557191393
17,1766,Vibraphone,24,0.013590033975084938
17,1766,Viola,19,0.010758776896942244
17,1766,Violin,15,0.008493771234428087
17,1766,VoiceOohs,14,0.007927519818799548
17,1766,Xylophone,12,0.006795016987542469
18,1766,AcousticBass,15,0.008493771234428087
18,1766,AcousticGrandPiano,16,0.009060022650056626
18,1766,AcousticGuitar(nylon),13,0.0073612684031710085
18,1766,AcousticGuitar(steel),21,0.011891279728199321
18,1766,AltoSax,23,0.013023782559456399
18,1766,Bagpipe,23,0.013023782559456399
18,1766,Banjo,17,0.009626274065685165
18,1766,BaritoneSax,16,0.009060022650056626
18,1766,Bassoon,25,0.014156285390713478
18,1766,BlownBottle,15,0.008493771234428087
18,1766,BrassSection,17,0.009626274065685165
18,1766,BrightAcousticPiano,20,0.011325028312570783
18,1766,Cello,19,0.010758776896942244
18,1766,ChoirAahs,19,0.010758776896942244
18,1766,ChurchOrgan,17,0.009626274065685165
18,1766,Clarinet,12,0.006795016987542469
18,1766,Clavinet,25,0.014156285390713478
18,1766,Contrabass,18,0.010192525481313703
18,1766,DistortionGuitar,22,0.01245753114382786
18,1766,DrawbarOrgan,19,0.010758776896942244
18,1766,Dulcimer,29,0.016421291053227635
18,1766,ElectricBass(finger),17,0.009626274065685165
18,1766,ElectricBass(pick),20,0.011325028312570783
18,1766,ElectricGrandPiano,21,0.011891279728199321
18,1766,ElectricGuitar(clean),16,0.009060022650056626
18,1766,ElectricGuitar(jazz),30,0.016987542468856174
18,1766,ElectricGuitar(muted),20,0.011325028312570783
18,1766,ElectricPiano1,15,0.008493771234428087
18,1766,ElectricPiano2,23,0.013023782559456399
18,1766,EnglishHorn,17,0.009626274065685165
18,1766,Fiddle,17,0.009626274065685165
18,1766,Flute,17,0.009626274065685165
18,1766,FrenchHorn,21,0.011891279728199321
18,1766,FretlessBass,20,0.011325028312570783
18,1766,Harpsichord,20,0.011325028312570783
18,1766,Honky-tonkPiano,24,0.013590033975084938
18,1766,Kalimba,15,0.008493771234428087
18,1766,Koto,16,0.009060022650056626
18,1766,Lead1(square),14,0.007927519818799548
18,1766,Lead2(sawtooth),19,0.010758776896942244
18,1766,Lead3(calliope),23,0.013023782559456399
18,1766,Lead4(chiff),11,0.00622876557191393
18,1766,Lead5(charang),31,0.017553793884484713
18,1766,Lead6(voice),18,0.010192525481313703
18,1766,Lead8(bass+lead),17,0.009626274065685165
18,1766,Marimba,22,0.01245753114382786
18,1766,MusicBox,19,0.010758776896942244
18,1766,MutedTrumpet,31,0.017553793884484713
18,1766,Oboe,17,0.009626274065685165
18,1766,Ocarina,19,0.010758776896942244
18,1766,OrchestralHarp,17,0.009626274065685165
18,1766,OverdrivenGuitar,21,0.011891279728199321
18,1766,Pad1(newage),24,0.013590033975084938
18,1766,Pad2(warm),18,0.010192525481313703
18,1766,Pad3(polysynth),22,0.01245753114382786
18,1766,Pad4(choir),16,0.009060022650056626
18,1766,Pad5(bowed),17,0.009626274065685165
18,1766,Pad6(metallic),14,0.007927519818799548
18,1766,Pad7(halo),14,0.007927519818799548
18,1766,Pad8(sweep),16,0.009060022650056626
18,1766,PanFlute,23,0.013023782559456399
18,1766,PercussiveOrgan,21,0.011891279728199321
18,1766,Piccolo,23,0.013023782559456399
18,1766,PizzicatoStrings,21,0.011891279728199321
18,1766,Recorder,16,0.009060022650056626
18,1766,ReedOrgan,18,0.010192525481313703
18,1766,RockOrgan,13,0.0073612684031710085
18,1766,Shamisen,16,0.009060022650056626
18,1766,Shanai,18,0.010192525481313703
18,1766,Sitar,23,0.013023782559456399
18,1766,SlapBass1,19,0.010758776896942244
18,1766,SlapBass2,10,0.005662514156285391
18,1766,SopranoSax,21,0.011891279728199321
18,1766,StringEnsemble1,12,0.006795016987542469
18,1766,StringEnsemble2,19,0.010758776896942244
18,1766,SynthBass1,19,0.010758776896942244
18,1766,SynthBass2,16,0.009060022650056626
18,1766,SynthBrass1,21,0.011891279728199321
18,1766,SynthBrass2,15,0.008493771234428087
18,1766,SynthStrings1,25,0.014156285390713478
18,1766,SynthStrings2,20,0.011325028312570783
18,1766,SynthVoice,20,0.011325028312570783
18,1766,TenorSax,20,0.011325028312570783
18,1766,TremoloStrings,22,0.01245753114382786
18,1766,Trombone,16,0.009060022650056626
18,1766,Trumpet,16,0.009060022650056626
18,1766,Tuba,22,0.01245753114382786
18,1766,Vibraphone,15,0.008493771234428087
18,1766,Viola,24,0.013590033975084938
18,1766,Violin,26,0.014722536806342017
18,1766,VoiceOohs,23,0.013023782559456399
18,1766,Xylophone,23,0.013023782559456399
19,1766,AcousticBass,22,0.01245753114382786
19,1766,AcousticGrandPiano,28,0.015855039637599096
19,1766,AcousticGuitar(nylon),26,0.014722536806342017
19,1766,AcousticGuitar(steel),19,0.010758776896942244
19,1766,AltoSax,21,0.011891279728199321
19,1766,Bagpipe,26,0.014722536806342017
19,1766,Banjo,20,0.011325028312570783
19,1766,BaritoneSax,17,0.009626274065685165
19,1766,Bassoon,15,0.008493771234428087
19,1766,BlownBottle,21,0.011891279728199321
19,1766,BrassSection,21,0.011891279728199321
19,1766,BrightAcousticPiano,20,0.011325028312570783
19,1766,Cello,17,0.009626274065685165
19,1766,ChoirAahs,22,0.01245753114382786
19,1766,ChurchOrgan,18,0.010192525481313703
19,1766,Clarinet,19,0.010758776896942244
19,1766,Clavinet,28,0.015855039637599096
19,1766,Contrabass,28,0.015855039637599096
19,1766,DistortionGuitar,20,0.011325028312570783
19,1766,DrawbarOrgan,15,0.008493771234428087
19,1766,Dulcimer,7,0.003963759909399774
19,1766,ElectricBass(finger),16,0.009060022650056626
19,1766,ElectricBass(pick),14,0.007927519818799548
19,1766,ElectricGrandPiano,24,0.013590033975084938
19,1766,ElectricGuitar(clean),20,0.011325028312570783
19,1766,ElectricGuitar(jazz),19,0.010758776896942244
19,1766,ElectricGuitar(muted),16,0.009060022650056626
19,1766,ElectricPiano1,21,0.011891279728199321
19,1766,ElectricPiano2,25,0.014156285390713478
19,1766,EnglishHorn,16,0.009060022650056626
19,1766,Fiddle,17,0.009626274065685165
19,1766,Flute,26,0.014722536806342017
19,1766,FrenchHorn,11,0.00622876557191393
19,1766,FretlessBass,12,0.006795016987542469
19,1766,Harpsichord,20,0.011325028312570783
19,1766,Honky-tonkPiano,19,0.010758776896942244
19,1766,Kalimba,16,0.009060022650056626
19,1766,Koto,23,0.013023782559456399
19,1766,Lead1(square),17,0.009626274065685165
19,1766,Lead2(sawtooth),18,0.010192525481313703
19,1766,Lead3(calliope),22,0.01245753114382786
19,1766,Lead4(chiff),14,0.007927519818799548
19,1766,Lead5(charang),24,0.013590033975084938
19,1766,Lead6(voice),13,0.0073612684031710085
19,1766,Lead8(bass+lead),17,0.009626274065685165
19,1766,Marimba,19,0.010758776896942244
19,1766,MusicBox,15,0.008493771234428087
19,1766,MutedTrumpet,22,0.01245753114382786
19,1766,Oboe,18,0.010192525481313703
19,1766,Ocarina,17,0.009626274065685165
19,1766,OrchestralHarp,13,0.0073612684031710085
19,1766,OverdrivenGuitar,20,0.011325028312570783
19,1766,Pad1(newage),24,0.013590033975084938
19,1766,Pad2(warm),24,0.013590033975084938
19,1766,Pad3(polysynth),18,0.010192525481313703
19,1766,Pad4(choir),28,0.015855039637599096
19,1766,Pad5(bowed),19,0.010758776896942244
19,1766,Pad6(metallic),13,0.0073612684031710085
19,1766,Pad7(halo),23,0.013023782559456399
19,1766,Pad8(sweep),18,0.010192525481313703
19,1766,PanFlute,21,0.011891279728199321
19,1766,PercussiveOrgan,18,0.010192525481313703
19,1766,Piccolo,16,0.009060022650056626
19,1766,PizzicatoStrings,24,0.013590033975084938
19,1766,Recorder,13,0.0073612684031710085
19,1766,ReedOrgan,30,0.016987542468856174
19,1766,RockOrgan,20,0.011325028312570783
19,1766,Shamisen,17,0.009626274065685165
19,1766,Shanai,20,0.011325028312570783
19,1766,Sitar,17,0.009626274065685165
19,1766,SlapBass1,24,0.013590033975084938
19,1766,SlapBass2,15,0.008493771234428087
19,1766,SopranoSax,20,0.011325028312570783
19,1766,StringEnsemble1,16,0.009060022650056626
19,1766,StringEnsemble2,22,0.01245753114382786
19,1766,SynthBass1,20,0.011325028312570783
19,1766,SynthBass2,14,0.007927519818799548
19,1766,SynthBrass1,12,0.006795016987542469
19,1766,SynthBrass2,13,0.0073612684031710085
19,1766,SynthStrings1,15,0.008493771234428087
19,1766,SynthStrings2,17,0.009626274065685165
19,1766,SynthVoice,21,0.011891279728199321
19,1766,TenorSax,16,0.009060022650056626
19,1766,TremoloStrings,12,0.006795016987542469
19,1766,Trombone,16,0.009060022650056626
19,1766,Trumpet,27,0.015288788221970556
19,1766,Tuba,15,0.008493771234428087
19,1766,Vibraphone,17,0.009626274065685165
19,1766,Viola,21,0.011891279728199321
19,1766,Violin,21,0.011891279728199321
19,1766,VoiceOohs,22,0.01245753114382786
19,1766,Xylophone,33,0.01868629671574179
20,1766,AcousticBass,21,0.011891279728199321
20,1766,AcousticGrandPiano,20,0.011325028312570783
20,1766,AcousticGuitar(nylon),16,0.009060022650056626
20,1766,AcousticGuitar(steel),21,0.011891279728199321
20,1766,AltoSax,24,0.013590033975084938
20,1766,Bagpipe,14,0.007927519818799548
20,1766,Banjo,15,0.008493771234428087
20,1766,BaritoneSax,19,0.010758776896942244
20,1766,Bassoon,24,0.013590033975084938
20,1766,BlownBottle,15,0.008493771234428087
20,1766,BrassSection,16,0.009060022650056626
20,1766,BrightAcousticPiano,13,0.0073612684031710085
20,1766,Cello,19,0.010758776896942244
20,1766,ChoirAahs,15,0.008493771234428087
20,1766,ChurchOrgan,17,0.009626274065685165
20,1766,Clarinet,21,0.011891279728199321
20,1766,Clavinet,20,0.011325028312570783
20,1766,Contrabass,18,0.010192525481313703
20,1766,DistortionGuitar,29,0.016421291053227635
20,1766,DrawbarOrgan,29,0.016421291053227635
20,1766,Dulcimer,14,0.007927519818799548
20,1766,ElectricBass(finger),16,0.009060022650056626
20,1766,ElectricBass(pick),25,0.014156285390713478
20,1766,ElectricGrandPiano,19,0.010758776896942244
20,1766,ElectricGuitar(clean),25,0.014156285390713478
20,1766,ElectricGuitar(jazz),23,0.013023782559456399
20,1766,ElectricGuitar(muted),28,0.015855039637599096
20,1766,ElectricPiano1,12,0.006795016987542469
20,1766,ElectricPiano2,16,0.009060022650056626
20,1766,EnglishHorn,22,0.01245753114382786
20,1766,Fiddle,20,0.011325028312570783
20,1766,Flute,18,0.010192525481313703
20,1766,FrenchHorn,11,0.00622876557191393
20,1766,FretlessBass,27,0.015288788221970556
20,1766,Harpsichord,24,0.013590033975084938
20,1766,Honky-tonkPiano,23,0.013023782559456399
20,1766,Kalimba,17,0.009626274065685165
20,1766,Koto,13,0.0073612684031710085
20,1766,Lead1(square),21,0.011891279728199321
20,1766,Lead2(sawtooth),21,0.011891279728199321
20,1766,Lead3(calliope),23,0.013023782559456399
20,1766,Lead4(chiff),18,0.010192525481313703
20,1766,Lead5(charang),21,0.011891279728199321
20,1766,Lead6(voice),21,0.011891279728199321
20,1766,Lead8(bass+lead),19,0.010758776896942244
20,1766,Marimba,21,0.011891279728199321
20,1766,MusicBox,21,0.011891279728199321
20,1766,MutedTrumpet,22,0.01245753114382786
20,1766,Oboe,15,0.008493771234428087
20,1766,Ocarina,18,0.010192525481313703
20,1766,OrchestralHarp,25,0.014156285390713478
20,1766,OverdrivenGuitar,19,0.010758776896942244
20,1766,Pad1(newage),19,0.010758776896942244
20,1766,Pad2(warm),16,0.009060022650056626
20,1766,Pad3(polysynth),21,0.011891279728199321
20,1766,Pad4(choir),21,0.011891279728199321
20,1766,Pad5(bowed),27,0.015288788221970556
20,1766,Pad6(metallic),18,0.010192525481313703
20,1766,Pad7(halo),20,0.011325028312570783
20,1766,Pad8(sweep),21,0.011891279728199321
20,1766,PanFlute,19,0.010758776896942244
20,1766,PercussiveOrgan,12,0.006795016987542469
20,1766,Piccolo,14,0.007927519818799548
20,1766,PizzicatoStrings,17,0.009626274065685165
20,1766,Recorder,13,0.0073612684031710085
20,1766,ReedOrgan,20,0.011325028312570783
20,1766,RockOrgan,18,0.010192525481313703
20,1766,Shamisen,20,0.011325028312570783
20,1766,Shanai,18,0.010192525481313703
20,1766,Sitar,16,0.009060022650056626
20,1766,SlapBass1,18,0.010192525481313703
20,1766,SlapBass2,21,0.011891279728199321
20,1766,SopranoSax,23,0.013023782559456399
20,1766,StringEnsemble1,12,0.006795016987542469
20,1766,StringEnsemble2,23,0.013023782559456399
20,1766,SynthBass1,15,0.008493771234428087
20,1766,SynthBass2,14,0.007927519818799548
20,1766,SynthBrass1,12,0.006795016987542469
20,1766,SynthBrass2,18,0.010192525481313703
20,1766,SynthStrings1,19,0.010758776896942244
20,1766,SynthStrings2,19,0.010758776896942244
20,1766,SynthVoice,22,0.01245753114382786
20,1766,TenorSax,28,0.015855039637599096
20,1766,TremoloStrings,19,0.010758776896942244
20,1766,Trombone,19,0.010758776896942244
20,1766,Trumpet,17,0.009626274065685165
20,1766,Tuba,21,0.011891279728199321
20,1766,Vibraphone,20,0.011325028312570783
20,1766,Viola,21,0.011891279728199321
20,1766,Violin,8,0.004530011325028313
20,1766,VoiceOohs,18,0.010192525481313703
20,1766,Xylophone,25,0.014156285390713478
